province_name,regency_code,region_name_raw,name_flag,year,year_flag,value,value_flag,table_header_raw,table_header_english,page_number,table_number,raw_text_hash
JAWA BARAT,01,Bogor,,1998,,"12.089.265,26",,"PDRB PROPINSI JAWA BARAT ATAS DASAR HARGA BERLAKU , MENURUT KABUPATEN/KOTA, 1998-2001 (JUTAAN RUPIAH)","GRDP the Province of West Java at Current Prices By Regencies/Municipalities, 1998-2001 (Million Rupiahs)",1,1,b11c6a8afacc
JAWA BARAT,76,Depok,*),1998,,,,"PDRB PROPINSI JAWA BARAT ATAS DASAR HARGA BERLAKU , MENURUT KABUPATEN/KOTA, 1998-2001 (JUTAAN RUPIAH)","GRDP the Province of West Java at Current Prices By Regencies/Municipalities, 1998-2001 (Million Rupiahs)",1,1,d3ece2b56a85
JAWA BARAT,02,Sukabumi,,1998,,"4.443.770,89",,"PDRB PROPINSI JAWA BARAT ATAS DASAR HARGA BERLAKU , MENURUT KABUPATEN/KOTA, 1998-2001 (JUTAAN RUPIAH)","GRDP the Province of West Java at Current Prices By Regencies/Municipalities, 1998-2001 (Million Rupiahs)",1,1,7721350d7a44
JAWA BARAT,03,Cianjur,,1998,,"4.422.367,86",,"PDRB PROPINSI JAWA BARAT ATAS DASAR HARGA BERLAKU , MENURUT KABUPATEN/KOTA, 1998-2001 (JUTAAN RUPIAH)","GRDP the Province of West Java at Current Prices By Regencies/Municipalities, 1998-2001 (Million Rupiahs)",1,1,d4ac291fcccb
JAWA BARAT,04,Bandung,,1998,,"14.948.996,26",,"PDRB PROPINSI JAWA BARAT ATAS DASAR HARGA BERLAKU , MENURUT KABUPATEN/KOTA, 1998-2001 (JUTAAN RUPIAH)","GRDP the Province of West Java at Current Prices By Regencies/Municipalities, 1998-2001 (Million Rupiahs)",1,1,2b5822bca7c8
JAWA BARAT,05,Garut,,1998,,"4.780.245,79",,"PDRB PROPINSI JAWA BARAT ATAS DASAR HARGA BERLAKU , MENURUT KABUPATEN/KOTA, 1998-2001 (JUTAAN RUPIAH)","GRDP the Province of West Java at Current Prices By Regencies/Municipalities, 1998-2001 (Million Rupiahs)",1,1,bba6fc841e72
JAWA BARAT,06,Tasikmalaya,,1998,,"4.258.078,76",,"PDRB PROPINSI JAWA BARAT ATAS DASAR HARGA BERLAKU , MENURUT KABUPATEN/KOTA, 1998-2001 (JUTAAN RUPIAH)","GRDP the Province of West Java at Current Prices By Regencies/Municipalities, 1998-2001 (Million Rupiahs)",1,1,fe1847c1d13f
JAWA BARAT,07,Ciamis,,1998,,"4.582.744,18",,"PDRB PROPINSI JAWA BARAT ATAS DASAR HARGA BERLAKU , MENURUT KABUPATEN/KOTA, 1998-2001 (JUTAAN RUPIAH)","GRDP the Province of West Java at Current Prices By Regencies/Municipalities, 1998-2001 (Million Rupiahs)",1,1,97cca2a7e4dd
JAWA BARAT,08,Kuningan,,1998,,"1.641.523,23",,"PDRB PROPINSI JAWA BARAT ATAS DASAR HARGA BERLAKU , MENURUT KABUPATEN/KOTA, 1998-2001 (JUTAAN RUPIAH)","GRDP the Province of West Java at Current Prices By Regencies/Municipalities, 1998-2001 (Million Rupiahs)",1,1,5d0c1ccfdb7a
JAWA BARAT,09,Cirebon,,1998,,"3.277.690,00",,"PDRB PROPINSI JAWA BARAT ATAS DASAR HARGA BERLAKU , MENURUT KABUPATEN/KOTA, 1998-2001 (JUTAAN RUPIAH)","GRDP the Province of West Java at Current Prices By Regencies/Municipalities, 1998-2001 (Million Rupiahs)",1,1,e79b15bdc3c5
JAWA BARAT,10,Majalengka,,1998,,"2.270.719,70",,"PDRB PROPINSI JAWA BARAT ATAS DASAR HARGA BERLAKU , MENURUT KABUPATEN/KOTA, 1998-2001 (JUTAAN RUPIAH)","GRDP the Province of West Java at Current Prices By Regencies/Municipalities, 1998-2001 (Million Rupiahs)",1,1,c42d905a4193
JAWA BARAT,11,Sumedang,,1998,,"2.196.794,17",,"PDRB PROPINSI JAWA BARAT ATAS DASAR HARGA BERLAKU , MENURUT KABUPATEN/KOTA, 1998-2001 (JUTAAN RUPIAH)","GRDP the Province of West Java at Current Prices By Regencies/Municipalities, 1998-2001 (Million Rupiahs)",1,1,1b4da893bc38
JAWA BARAT,12,Indramayu,,1998,,"13.795.708,68",,"PDRB PROPINSI JAWA BARAT ATAS DASAR HARGA BERLAKU , MENURUT KABUPATEN/KOTA, 1998-2001 (JUTAAN RUPIAH)","GRDP the Province of West Java at Current Prices By Regencies/Municipalities, 1998-2001 (Million Rupiahs)",1,1,39f6813a87f6
JAWA BARAT,,Indramayu,'',1998,,"5.209.220,91",,"PDRB PROPINSI JAWA BARAT ATAS DASAR HARGA BERLAKU , MENURUT KABUPATEN/KOTA, 1998-2001 (JUTAAN RUPIAH)","GRDP the Province of West Java at Current Prices By Regencies/Municipalities, 1998-2001 (Million Rupiahs)",1,1,e4e2ceccbe68
JAWA BARAT,13,Subang,,1998,,"4.833.780,24",,"PDRB PROPINSI JAWA BARAT ATAS DASAR HARGA BERLAKU , MENURUT KABUPATEN/KOTA, 1998-2001 (JUTAAN RUPIAH)","GRDP the Province of West Java at Current Prices By Regencies/Municipalities, 1998-2001 (Million Rupiahs)",1,1,fa077ce96f02
JAWA BARAT,14,Purwakarta,,1998,,"1.767.158,94",,"PDRB PROPINSI JAWA BARAT ATAS DASAR HARGA BERLAKU , MENURUT KABUPATEN/KOTA, 1998-2001 (JUTAAN RUPIAH)","GRDP the Province of West Java at Current Prices By Regencies/Municipalities, 1998-2001 (Million Rupiahs)",1,1,7ef44ef2c86b
JAWA BARAT,15,Karawang,,1998,,"5.213.820,75",,"PDRB PROPINSI JAWA BARAT ATAS DASAR HARGA BERLAKU , MENURUT KABUPATEN/KOTA, 1998-2001 (JUTAAN RUPIAH)","GRDP the Province of West Java at Current Prices By Regencies/Municipalities, 1998-2001 (Million Rupiahs)",1,1,b1907389163e
JAWA BARAT,16,Bekasi,,1998,,"16.958.201,09",,"PDRB PROPINSI JAWA BARAT ATAS DASAR HARGA BERLAKU , MENURUT KABUPATEN/KOTA, 1998-2001 (JUTAAN RUPIAH)","GRDP the Province of West Java at Current Prices By Regencies/Municipalities, 1998-2001 (Million Rupiahs)",1,1,c673929089e5
JAWA BARAT,71,Bogor,,1998,,"1 935 010,p96",,"PDRB PROPINSI JAWA BARAT ATAS DASAR HARGA BERLAKU , MENURUT KABUPATEN/KOTA, 1998-2001 (JUTAAN RUPIAH)","GRDP the Province of West Java at Current Prices By Regencies/Municipalities, 1998-2001 (Million Rupiahs)",1,1,6f49abc866d8
JAWA BARAT,72,Sukabumi,,1998,,"851 48b8,00",,"PDRB PROPINSI JAWA BARAT ATAS DASAR HARGA BERLAKU , MENURUT KABUPATEN/KOTA, 1998-2001 (JUTAAN RUPIAH)","GRDP the Province of West Java at Current Prices By Regencies/Municipalities, 1998-2001 (Million Rupiahs)",1,1,ec4c4da437b4
JAWA BARAT,73,Bandung,,1998,,"11 973 2.53,73",,"PDRB PROPINSI JAWA BARAT ATAS DASAR HARGA BERLAKU , MENURUT KABUPATEN/KOTA, 1998-2001 (JUTAAN RUPIAH)","GRDP the Province of West Java at Current Prices By Regencies/Municipalities, 1998-2001 (Million Rupiahs)",1,1,64aff78b66e0
JAWA BARAT,74,Cirebon,,1998,,"3.205.051,68",,"PDRB PROPINSI JAWA BARAT ATAS DASAR HARGA BERLAKU , MENURUT KABUPATEN/KOTA, 1998-2001 (JUTAAN RUPIAH)","GRDP the Province of West Java at Current Prices By Regencies/Municipalities, 1998-2001 (Million Rupiahs)",1,1,39932a435571
JAWA BARAT,75,Bekasi,,1998,,"w6 961 490,00",,"PDRB PROPINSI JAWA BARAT ATAS DASAR HARGA BERLAKU , MENURUT KABUPATEN/KOTA, 1998-2001 (JUTAAN RUPIAH)","GRDP the Province of West Java at Current Prices By Regencies/Municipalities, 1998-2001 (Million Rupiahs)",1,1,eac34d78d88e
JAWA BARAT,01,Pandeglang,,1998,,"w2 009 402,49",,"PDRB PROPINSI JAWA BARAT ATAS DASAR HARGA BERLAKU , MENURUT KABUPATEN/KOTA, 1998-2001 (JUTAAN RUPIAH)","GRDP the Province of West Java at Current Prices By Regencies/Municipalities, 1998-2001 (Million Rupiahs)",1,1,f2ac6d3dba38
JAWA BARAT,02,Lebak,,1998,,"2.028.299,92",,"PDRB PROPINSI JAWA BARAT ATAS DASAR HARGA BERLAKU , MENURUT KABUPATEN/KOTA, 1998-2001 (JUTAAN RUPIAH)","GRDP the Province of West Java at Current Prices By Regencies/Municipalities, 1998-2001 (Million Rupiahs)",1,1,be513ef4a273
JAWA BARAT,03,Tangerang,,1998,,": /8 764 281,22",,"PDRB PROPINSI JAWA BARAT ATAS DASAR HARGA BERLAKU , MENURUT KABUPATEN/KOTA, 1998-2001 (JUTAAN RUPIAH)","GRDP the Province of West Java at Current Prices By Regencies/Municipalities, 1998-2001 (Million Rupiahs)",1,1,018c3e4604c8
JAWA BARAT,04,Serang,,1998,,"s 5 209 013,00",,"PDRB PROPINSI JAWA BARAT ATAS DASAR HARGA BERLAKU , MENURUT KABUPATEN/KOTA, 1998-2001 (JUTAAN RUPIAH)","GRDP the Province of West Java at Current Prices By Regencies/Municipalities, 1998-2001 (Million Rupiahs)",1,1,29ac38ac322a
JAWA BARAT,71,Tangerang,,1998,,"p 13 524 637,00",,"PDRB PROPINSI JAWA BARAT ATAS DASAR HARGA BERLAKU , MENURUT KABUPATEN/KOTA, 1998-2001 (JUTAAN RUPIAH)","GRDP the Province of West Java at Current Prices By Regencies/Municipalities, 1998-2001 (Million Rupiahs)",1,1,fbf2a793b5e4
JAWA BARAT,,Jml Kab /Kota Total of Reg h/Mun,,1998,,"157.942.793,80",,"PDRB PROPINSI JAWA BARAT ATAS DASAR HARGA BERLAKU , MENURUT KABUPATEN/KOTA, 1998-2001 (JUTAAN RUPIAH)","GRDP the Province of West Java at Current Prices By Regencies/Municipalities, 1998-2001 (Million Rupiahs)",1,1,0a82fa4a1b4b
JAWA BARAT,,Jml Kab /Kota Total of Reg /Mun,"""",1998,,"149.356.306,03",,"PDRB PROPINSI JAWA BARAT ATAS DASAR HARGA BERLAKU , MENURUT KABUPATEN/KOTA, 1998-2001 (JUTAAN RUPIAH)","GRDP the Province of West Java at Current Prices By Regencies/Municipalities, 1998-2001 (Million Rupiahs)",1,1,4728c2522e63
JAWA BARAT,,PROPINSI/PROVINCE,,1998,,"142.763.786,11",,"PDRB PROPINSI JAWA BARAT ATAS DASAR HARGA BERLAKU , MENURUT KABUPATEN/KOTA, 1998-2001 (JUTAAN RUPIAH)","GRDP the Province of West Java at Current Prices By Regencies/Municipalities, 1998-2001 (Million Rupiahs)",1,1,8cc5813989e2
JAWA BARAT,,PROPINSI/PROVINCE,"""",1998,,"132.342.176,11",,"PDRB PROPINSI JAWA BARAT ATAS DASAR HARGA BERLAKU , MENURUT KABUPATEN/KOTA, 1998-2001 (JUTAAN RUPIAH)","GRDP the Province of West Java at Current Prices By Regencies/Municipalities, 1998-2001 (Million Rupiahs)",1,1,4f20b30d9c3d
JAWA BARAT,01,Bogor,,1999,,"12.989.336,52",,"PDRB PROPINSI JAWA BARAT ATAS DASAR HARGA BERLAKU , MENURUT KABUPATEN/KOTA, 1998-2001 (JUTAAN RUPIAH)","GRDP the Province of West Java at Current Prices By Regencies/Municipalities, 1998-2001 (Million Rupiahs)",1,1,57c6b3ad6f25
JAWA BARAT,76,Depok,*),1999,,,,"PDRB PROPINSI JAWA BARAT ATAS DASAR HARGA BERLAKU , MENURUT KABUPATEN/KOTA, 1998-2001 (JUTAAN RUPIAH)","GRDP the Province of West Java at Current Prices By Regencies/Municipalities, 1998-2001 (Million Rupiahs)",1,1,c360ed94abd7
JAWA BARAT,02,Sukabumi,,1999,,"4.701.661,31",,"PDRB PROPINSI JAWA BARAT ATAS DASAR HARGA BERLAKU , MENURUT KABUPATEN/KOTA, 1998-2001 (JUTAAN RUPIAH)","GRDP the Province of West Java at Current Prices By Regencies/Municipalities, 1998-2001 (Million Rupiahs)",1,1,cce886ed5824
JAWA BARAT,03,Cianjur,,1999,,"4.816.716,06",,"PDRB PROPINSI JAWA BARAT ATAS DASAR HARGA BERLAKU , MENURUT KABUPATEN/KOTA, 1998-2001 (JUTAAN RUPIAH)","GRDP the Province of West Java at Current Prices By Regencies/Municipalities, 1998-2001 (Million Rupiahs)",1,1,a4bb2be40a37
JAWA BARAT,04,Bandung,,1999,,"17.014.208,31",,"PDRB PROPINSI JAWA BARAT ATAS DASAR HARGA BERLAKU , MENURUT KABUPATEN/KOTA, 1998-2001 (JUTAAN RUPIAH)","GRDP the Province of West Java at Current Prices By Regencies/Municipalities, 1998-2001 (Million Rupiahs)",1,1,3b84f3b39099
JAWA BARAT,05,Garut,,1999,,"5.219.480,75",,"PDRB PROPINSI JAWA BARAT ATAS DASAR HARGA BERLAKU , MENURUT KABUPATEN/KOTA, 1998-2001 (JUTAAN RUPIAH)","GRDP the Province of West Java at Current Prices By Regencies/Municipalities, 1998-2001 (Million Rupiahs)",1,1,3113a604e9ea
JAWA BARAT,06,Tasikmalaya,,1999,,"5.058.042,93",,"PDRB PROPINSI JAWA BARAT ATAS DASAR HARGA BERLAKU , MENURUT KABUPATEN/KOTA, 1998-2001 (JUTAAN RUPIAH)","GRDP the Province of West Java at Current Prices By Regencies/Municipalities, 1998-2001 (Million Rupiahs)",1,1,c058c283ea69
JAWA BARAT,07,Ciamis,,1999,,"4.793.860,05",,"PDRB PROPINSI JAWA BARAT ATAS DASAR HARGA BERLAKU , MENURUT KABUPATEN/KOTA, 1998-2001 (JUTAAN RUPIAH)","GRDP the Province of West Java at Current Prices By Regencies/Municipalities, 1998-2001 (Million Rupiahs)",1,1,964c4c92a5d4
JAWA BARAT,08,Kuningan,,1999,,"1.826.126,56",,"PDRB PROPINSI JAWA BARAT ATAS DASAR HARGA BERLAKU , MENURUT KABUPATEN/KOTA, 1998-2001 (JUTAAN RUPIAH)","GRDP the Province of West Java at Current Prices By Regencies/Municipalities, 1998-2001 (Million Rupiahs)",1,1,2a5d619bd7f6
JAWA BARAT,09,Cirebon,,1999,,"3.706.478,73",,"PDRB PROPINSI JAWA BARAT ATAS DASAR HARGA BERLAKU , MENURUT KABUPATEN/KOTA, 1998-2001 (JUTAAN RUPIAH)","GRDP the Province of West Java at Current Prices By Regencies/Municipalities, 1998-2001 (Million Rupiahs)",1,1,6e8ef5c2dd83
JAWA BARAT,10,Majalengka,,1999,,"2.502.084,31",,"PDRB PROPINSI JAWA BARAT ATAS DASAR HARGA BERLAKU , MENURUT KABUPATEN/KOTA, 1998-2001 (JUTAAN RUPIAH)","GRDP the Province of West Java at Current Prices By Regencies/Municipalities, 1998-2001 (Million Rupiahs)",1,1,b80a42be4c57
JAWA BARAT,11,Sumedang,,1999,,"2.344.809,26",,"PDRB PROPINSI JAWA BARAT ATAS DASAR HARGA BERLAKU , MENURUT KABUPATEN/KOTA, 1998-2001 (JUTAAN RUPIAH)","GRDP the Province of West Java at Current Prices By Regencies/Municipalities, 1998-2001 (Million Rupiahs)",1,1,b7da9fce9028
JAWA BARAT,12,Indramayu,,1999,,"11.924.879,48",,"PDRB PROPINSI JAWA BARAT ATAS DASAR HARGA BERLAKU , MENURUT KABUPATEN/KOTA, 1998-2001 (JUTAAN RUPIAH)","GRDP the Province of West Java at Current Prices By Regencies/Municipalities, 1998-2001 (Million Rupiahs)",1,1,89396ddca12e
JAWA BARAT,,Indramayu,'',1999,,"4 311 2d64,12",,"PDRB PROPINSI JAWA BARAT ATAS DASAR HARGA BERLAKU , MENURUT KABUPATEN/KOTA, 1998-2001 (JUTAAN RUPIAH)","GRDP the Province of West Java at Current Prices By Regencies/Municipalities, 1998-2001 (Million Rupiahs)",1,1,df9ce846697f
JAWA BARAT,13,Subang,,1999,,"4 958. i738,05",,"PDRB PROPINSI JAWA BARAT ATAS DASAR HARGA BERLAKU , MENURUT KABUPATEN/KOTA, 1998-2001 (JUTAAN RUPIAH)","GRDP the Province of West Java at Current Prices By Regencies/Municipalities, 1998-2001 (Million Rupiahs)",1,1,9d6f47c30668
JAWA BARAT,14,Purwakarta,,1999,,"3 9o45 132,61",,"PDRB PROPINSI JAWA BARAT ATAS DASAR HARGA BERLAKU , MENURUT KABUPATEN/KOTA, 1998-2001 (JUTAAN RUPIAH)","GRDP the Province of West Java at Current Prices By Regencies/Municipalities, 1998-2001 (Million Rupiahs)",1,1,a8cb3404a6d0
JAWA BARAT,15,Karawang,,1999,,"g6 038 301,58",,"PDRB PROPINSI JAWA BARAT ATAS DASAR HARGA BERLAKU , MENURUT KABUPATEN/KOTA, 1998-2001 (JUTAAN RUPIAH)","GRDP the Province of West Java at Current Prices By Regencies/Municipalities, 1998-2001 (Million Rupiahs)",1,1,41d6ccd3fd1b
JAWA BARAT,16,Bekasi,,1999,,"s . 25 568 755,76",,"PDRB PROPINSI JAWA BARAT ATAS DASAR HARGA BERLAKU , MENURUT KABUPATEN/KOTA, 1998-2001 (JUTAAN RUPIAH)","GRDP the Province of West Java at Current Prices By Regencies/Municipalities, 1998-2001 (Million Rupiahs)",1,1,c697657afd86
JAWA BARAT,71,Bogor,,1999,,"2.449.150,06",,"PDRB PROPINSI JAWA BARAT ATAS DASAR HARGA BERLAKU , MENURUT KABUPATEN/KOTA, 1998-2001 (JUTAAN RUPIAH)","GRDP the Province of West Java at Current Prices By Regencies/Municipalities, 1998-2001 (Million Rupiahs)",1,1,16170ee2d948
JAWA BARAT,72,Sukabumi,,1999,,"930.983,13",,"PDRB PROPINSI JAWA BARAT ATAS DASAR HARGA BERLAKU , MENURUT KABUPATEN/KOTA, 1998-2001 (JUTAAN RUPIAH)","GRDP the Province of West Java at Current Prices By Regencies/Municipalities, 1998-2001 (Million Rupiahs)",1,1,4266b3114724
JAWA BARAT,73,Bandung,,1999,,"13.055.980,21",,"PDRB PROPINSI JAWA BARAT ATAS DASAR HARGA BERLAKU , MENURUT KABUPATEN/KOTA, 1998-2001 (JUTAAN RUPIAH)","GRDP the Province of West Java at Current Prices By Regencies/Municipalities, 1998-2001 (Million Rupiahs)",1,1,51c61d70333b
JAWA BARAT,74,Cirebon,,1999,,"3.433.892,38",,"PDRB PROPINSI JAWA BARAT ATAS DASAR HARGA BERLAKU , MENURUT KABUPATEN/KOTA, 1998-2001 (JUTAAN RUPIAH)","GRDP the Province of West Java at Current Prices By Regencies/Municipalities, 1998-2001 (Million Rupiahs)",1,1,baa43a42486a
JAWA BARAT,75,Bekasi,,1999,,"7.468.242,00",,"PDRB PROPINSI JAWA BARAT ATAS DASAR HARGA BERLAKU , MENURUT KABUPATEN/KOTA, 1998-2001 (JUTAAN RUPIAH)","GRDP the Province of West Java at Current Prices By Regencies/Municipalities, 1998-2001 (Million Rupiahs)",1,1,3d1f443d1708
JAWA BARAT,01,Pandeglang,,1999,,"2.330.070,90",,"PDRB PROPINSI JAWA BARAT ATAS DASAR HARGA BERLAKU , MENURUT KABUPATEN/KOTA, 1998-2001 (JUTAAN RUPIAH)","GRDP the Province of West Java at Current Prices By Regencies/Municipalities, 1998-2001 (Million Rupiahs)",1,1,e10dd23d2a66
JAWA BARAT,02,Lebak,,1999,,"2.312.556,40",,"PDRB PROPINSI JAWA BARAT ATAS DASAR HARGA BERLAKU , MENURUT KABUPATEN/KOTA, 1998-2001 (JUTAAN RUPIAH)","GRDP the Province of West Java at Current Prices By Regencies/Municipalities, 1998-2001 (Million Rupiahs)",1,1,3b71aa09f7a7
JAWA BARAT,03,Tangerang,,1999,,"10.638.073,16",,"PDRB PROPINSI JAWA BARAT ATAS DASAR HARGA BERLAKU , MENURUT KABUPATEN/KOTA, 1998-2001 (JUTAAN RUPIAH)","GRDP the Province of West Java at Current Prices By Regencies/Municipalities, 1998-2001 (Million Rupiahs)",1,1,5016f042a2ba
JAWA BARAT,04,Serang,,1999,,"5.683.671,00",,"PDRB PROPINSI JAWA BARAT ATAS DASAR HARGA BERLAKU , MENURUT KABUPATEN/KOTA, 1998-2001 (JUTAAN RUPIAH)","GRDP the Province of West Java at Current Prices By Regencies/Municipalities, 1998-2001 (Million Rupiahs)",1,1,e63c877a3624
JAWA BARAT,71,Tangerang,,1999,,"14.725.844,00",,"PDRB PROPINSI JAWA BARAT ATAS DASAR HARGA BERLAKU , MENURUT KABUPATEN/KOTA, 1998-2001 (JUTAAN RUPIAH)","GRDP the Province of West Java at Current Prices By Regencies/Municipalities, 1998-2001 (Million Rupiahs)",1,1,ecd3ceaad2c0
JAWA BARAT,,Jml Kab /Kota Total of Reg h/Mun,,1999,,"180.437.075,51",,"PDRB PROPINSI JAWA BARAT ATAS DASAR HARGA BERLAKU , MENURUT KABUPATEN/KOTA, 1998-2001 (JUTAAN RUPIAH)","GRDP the Province of West Java at Current Prices By Regencies/Municipalities, 1998-2001 (Million Rupiahs)",1,1,fc51ddd93eae
JAWA BARAT,,Jml Kab /Kota Total of Reg /Mun,"""",1999,,"172.823.460,15",,"PDRB PROPINSI JAWA BARAT ATAS DASAR HARGA BERLAKU , MENURUT KABUPATEN/KOTA, 1998-2001 (JUTAAN RUPIAH)","GRDP the Province of West Java at Current Prices By Regencies/Municipalities, 1998-2001 (Million Rupiahs)",1,1,927994ed7da8
JAWA BARAT,,PROPINSI/PROVINCE,,1999,,"149.969.395,74",,"PDRB PROPINSI JAWA BARAT ATAS DASAR HARGA BERLAKU , MENURUT KABUPATEN/KOTA, 1998-2001 (JUTAAN RUPIAH)","GRDP the Province of West Java at Current Prices By Regencies/Municipalities, 1998-2001 (Million Rupiahs)",1,1,1ee99cb43b15
JAWA BARAT,,PROPINSI/PROVINCE,"""",1999,,"132.582.142,25",,"PDRB PROPINSI JAWA BARAT ATAS DASAR HARGA BERLAKU , MENURUT KABUPATEN/KOTA, 1998-2001 (JUTAAN RUPIAH)","GRDP the Province of West Java at Current Prices By Regencies/Municipalities, 1998-2001 (Million Rupiahs)",1,1,af9c1671bd3a
JAWA BARAT,01,Bogor,,2000,*),"10.597.758,71",,"PDRB PROPINSI JAWA BARAT ATAS DASAR HARGA BERLAKU , MENURUT KABUPATEN/KOTA, 1998-2001 (JUTAAN RUPIAH)","GRDP the Province of West Java at Current Prices By Regencies/Municipalities, 1998-2001 (Million Rupiahs)",1,1,e6fe87393e65
JAWA BARAT,76,Depok,*),2000,*),"3.489.074,25",,"PDRB PROPINSI JAWA BARAT ATAS DASAR HARGA BERLAKU , MENURUT KABUPATEN/KOTA, 1998-2001 (JUTAAN RUPIAH)","GRDP the Province of West Java at Current Prices By Regencies/Municipalities, 1998-2001 (Million Rupiahs)",1,1,3a879ee6a8fa
JAWA BARAT,02,Sukabumi,,2000,*),"5.641.782,85",,"PDRB PROPINSI JAWA BARAT ATAS DASAR HARGA BERLAKU , MENURUT KABUPATEN/KOTA, 1998-2001 (JUTAAN RUPIAH)","GRDP the Province of West Java at Current Prices By Regencies/Municipalities, 1998-2001 (Million Rupiahs)",1,1,9d91a2ec9c4e
JAWA BARAT,03,Cianjur,,2000,*),"5.375.773,18",,"PDRB PROPINSI JAWA BARAT ATAS DASAR HARGA BERLAKU , MENURUT KABUPATEN/KOTA, 1998-2001 (JUTAAN RUPIAH)","GRDP the Province of West Java at Current Prices By Regencies/Municipalities, 1998-2001 (Million Rupiahs)",1,1,6a514406e2be
JAWA BARAT,04,Bandung,,2000,*),"19.978.064,44",,"PDRB PROPINSI JAWA BARAT ATAS DASAR HARGA BERLAKU , MENURUT KABUPATEN/KOTA, 1998-2001 (JUTAAN RUPIAH)","GRDP the Province of West Java at Current Prices By Regencies/Municipalities, 1998-2001 (Million Rupiahs)",1,1,134a0f646715
JAWA BARAT,05,Garut,,2000,*),"5.847.651,01",,"PDRB PROPINSI JAWA BARAT ATAS DASAR HARGA BERLAKU , MENURUT KABUPATEN/KOTA, 1998-2001 (JUTAAN RUPIAH)","GRDP the Province of West Java at Current Prices By Regencies/Municipalities, 1998-2001 (Million Rupiahs)",1,1,ee6e4b9b2767
JAWA BARAT,06,Tasikmalaya,,2000,*),"5.544.558,70",,"PDRB PROPINSI JAWA BARAT ATAS DASAR HARGA BERLAKU , MENURUT KABUPATEN/KOTA, 1998-2001 (JUTAAN RUPIAH)","GRDP the Province of West Java at Current Prices By Regencies/Municipalities, 1998-2001 (Million Rupiahs)",1,1,c5fbdf0ac85f
JAWA BARAT,07,Ciamis,,2000,*),"5.221.635,49",,"PDRB PROPINSI JAWA BARAT ATAS DASAR HARGA BERLAKU , MENURUT KABUPATEN/KOTA, 1998-2001 (JUTAAN RUPIAH)","GRDP the Province of West Java at Current Prices By Regencies/Municipalities, 1998-2001 (Million Rupiahs)",1,1,61338dca4248
JAWA BARAT,08,Kuningan,,2000,*),"2.130.450,39",,"PDRB PROPINSI JAWA BARAT ATAS DASAR HARGA BERLAKU , MENURUT KABUPATEN/KOTA, 1998-2001 (JUTAAN RUPIAH)","GRDP the Province of West Java at Current Prices By Regencies/Municipalities, 1998-2001 (Million Rupiahs)",1,1,7b6d067abeb5
JAWA BARAT,09,Cirebon,,2000,*),"4.159.344,77",,"PDRB PROPINSI JAWA BARAT ATAS DASAR HARGA BERLAKU , MENURUT KABUPATEN/KOTA, 1998-2001 (JUTAAN RUPIAH)","GRDP the Province of West Java at Current Prices By Regencies/Municipalities, 1998-2001 (Million Rupiahs)",1,1,1e3ab844c579
JAWA BARAT,10,Majalengka,,2000,*),"2.732.150,10",,"PDRB PROPINSI JAWA BARAT ATAS DASAR HARGA BERLAKU , MENURUT KABUPATEN/KOTA, 1998-2001 (JUTAAN RUPIAH)","GRDP the Province of West Java at Current Prices By Regencies/Municipalities, 1998-2001 (Million Rupiahs)",1,1,993d9a4d9238
JAWA BARAT,11,Sumedang,,2000,*),"2.640.519,01",,"PDRB PROPINSI JAWA BARAT ATAS DASAR HARGA BERLAKU , MENURUT KABUPATEN/KOTA, 1998-2001 (JUTAAN RUPIAH)","GRDP the Province of West Java at Current Prices By Regencies/Municipalities, 1998-2001 (Million Rupiahs)",1,1,f36c0542608c
JAWA BARAT,12,Indramayu,,2000,*),"14.013.994,67",,"PDRB PROPINSI JAWA BARAT ATAS DASAR HARGA BERLAKU , MENURUT KABUPATEN/KOTA, 1998-2001 (JUTAAN RUPIAH)","GRDP the Province of West Java at Current Prices By Regencies/Municipalities, 1998-2001 (Million Rupiahs)",1,1,57076c2c3360
JAWA BARAT,,Indramayu,'',2000,*),"4.696.887,75",,"PDRB PROPINSI JAWA BARAT ATAS DASAR HARGA BERLAKU , MENURUT KABUPATEN/KOTA, 1998-2001 (JUTAAN RUPIAH)","GRDP the Province of West Java at Current Prices By Regencies/Municipalities, 1998-2001 (Million Rupiahs)",1,1,2b60bfb84bc7
JAWA BARAT,13,Subang,,2000,*),"4.468.014,03",,"PDRB PROPINSI JAWA BARAT ATAS DASAR HARGA BERLAKU , MENURUT KABUPATEN/KOTA, 1998-2001 (JUTAAN RUPIAH)","GRDP the Province of West Java at Current Prices By Regencies/Municipalities, 1998-2001 (Million Rupiahs)",1,1,2027d9c88788
JAWA BARAT,14,Purwakarta,,2000,*),"4.451.740,71",,"PDRB PROPINSI JAWA BARAT ATAS DASAR HARGA BERLAKU , MENURUT KABUPATEN/KOTA, 1998-2001 (JUTAAN RUPIAH)","GRDP the Province of West Java at Current Prices By Regencies/Municipalities, 1998-2001 (Million Rupiahs)",1,1,b78345690e49
JAWA BARAT,15,Karawang,,2000,*),"7.314.928,57",,"PDRB PROPINSI JAWA BARAT ATAS DASAR HARGA BERLAKU , MENURUT KABUPATEN/KOTA, 1998-2001 (JUTAAN RUPIAH)","GRDP the Province of West Java at Current Prices By Regencies/Municipalities, 1998-2001 (Million Rupiahs)",1,1,4bf6c8fdd007
JAWA BARAT,16,Bekasi,,2000,*),"30.267.209,08",,"PDRB PROPINSI JAWA BARAT ATAS DASAR HARGA BERLAKU , MENURUT KABUPATEN/KOTA, 1998-2001 (JUTAAN RUPIAH)","GRDP the Province of West Java at Current Prices By Regencies/Municipalities, 1998-2001 (Million Rupiahs)",1,1,c70c081432f1
JAWA BARAT,71,Bogor,,2000,*),"2.671.607,44",,"PDRB PROPINSI JAWA BARAT ATAS DASAR HARGA BERLAKU , MENURUT KABUPATEN/KOTA, 1998-2001 (JUTAAN RUPIAH)","GRDP the Province of West Java at Current Prices By Regencies/Municipalities, 1998-2001 (Million Rupiahs)",1,1,0ebff29d26d9
JAWA BARAT,72,Sukabumi,,2000,*),"1.037.686,25",,"PDRB PROPINSI JAWA BARAT ATAS DASAR HARGA BERLAKU , MENURUT KABUPATEN/KOTA, 1998-2001 (JUTAAN RUPIAH)","GRDP the Province of West Java at Current Prices By Regencies/Municipalities, 1998-2001 (Million Rupiahs)",1,1,786a15dc3858
JAWA BARAT,73,Bandung,,2000,*),"14.422.963,11",,"PDRB PROPINSI JAWA BARAT ATAS DASAR HARGA BERLAKU , MENURUT KABUPATEN/KOTA, 1998-2001 (JUTAAN RUPIAH)","GRDP the Province of West Java at Current Prices By Regencies/Municipalities, 1998-2001 (Million Rupiahs)",1,1,e3e5671f958b
JAWA BARAT,74,Cirebon,,2000,*),"3.746.033,19",,"PDRB PROPINSI JAWA BARAT ATAS DASAR HARGA BERLAKU , MENURUT KABUPATEN/KOTA, 1998-2001 (JUTAAN RUPIAH)","GRDP the Province of West Java at Current Prices By Regencies/Municipalities, 1998-2001 (Million Rupiahs)",1,1,cda2bf84c057
JAWA BARAT,75,Bekasi,,2000,*),"8.875.599,00",,"PDRB PROPINSI JAWA BARAT ATAS DASAR HARGA BERLAKU , MENURUT KABUPATEN/KOTA, 1998-2001 (JUTAAN RUPIAH)","GRDP the Province of West Java at Current Prices By Regencies/Municipalities, 1998-2001 (Million Rupiahs)",1,1,1cffd7c293b5
JAWA BARAT,01,Pandeglang,,2000,*),,,"PDRB PROPINSI JAWA BARAT ATAS DASAR HARGA BERLAKU , MENURUT KABUPATEN/KOTA, 1998-2001 (JUTAAN RUPIAH)","GRDP the Province of West Java at Current Prices By Regencies/Municipalities, 1998-2001 (Million Rupiahs)",1,1,e6edee12901c
JAWA BARAT,02,Lebak,,2000,*),,,"PDRB PROPINSI JAWA BARAT ATAS DASAR HARGA BERLAKU , MENURUT KABUPATEN/KOTA, 1998-2001 (JUTAAN RUPIAH)","GRDP the Province of West Java at Current Prices By Regencies/Municipalities, 1998-2001 (Million Rupiahs)",1,1,2d018535dba4
JAWA BARAT,03,Tangerang,,2000,*),,,"PDRB PROPINSI JAWA BARAT ATAS DASAR HARGA BERLAKU , MENURUT KABUPATEN/KOTA, 1998-2001 (JUTAAN RUPIAH)","GRDP the Province of West Java at Current Prices By Regencies/Municipalities, 1998-2001 (Million Rupiahs)",1,1,20cb9f98f1ad
JAWA BARAT,04,Serang,,2000,*),,,"PDRB PROPINSI JAWA BARAT ATAS DASAR HARGA BERLAKU , MENURUT KABUPATEN/KOTA, 1998-2001 (JUTAAN RUPIAH)","GRDP the Province of West Java at Current Prices By Regencies/Municipalities, 1998-2001 (Million Rupiahs)",1,1,cc4a54c8b863
JAWA BARAT,71,Tangerang,,2000,*),,,"PDRB PROPINSI JAWA BARAT ATAS DASAR HARGA BERLAKU , MENURUT KABUPATEN/KOTA, 1998-2001 (JUTAAN RUPIAH)","GRDP the Province of West Java at Current Prices By Regencies/Municipalities, 1998-2001 (Million Rupiahs)",1,1,703bcd8f3897
JAWA BARAT,,Jml Kab /Kota Total of Reg h/Mun,,2000,*),"164.628.538,94",,"PDRB PROPINSI JAWA BARAT ATAS DASAR HARGA BERLAKU , MENURUT KABUPATEN/KOTA, 1998-2001 (JUTAAN RUPIAH)","GRDP the Province of West Java at Current Prices By Regencies/Municipalities, 1998-2001 (Million Rupiahs)",1,1,a46b702dc2e1
JAWA BARAT,,Jml Kab /Kota Total of Reg /Mun,"""",2000,*),"155.311.432,02",,"PDRB PROPINSI JAWA BARAT ATAS DASAR HARGA BERLAKU , MENURUT KABUPATEN/KOTA, 1998-2001 (JUTAAN RUPIAH)","GRDP the Province of West Java at Current Prices By Regencies/Municipalities, 1998-2001 (Million Rupiahs)",1,1,1d8ebec0afd2
JAWA BARAT,,PROPINSI/PROVINCE,,2000,*),"174.915.257,77",,"PDRB PROPINSI JAWA BARAT ATAS DASAR HARGA BERLAKU , MENURUT KABUPATEN/KOTA, 1998-2001 (JUTAAN RUPIAH)","GRDP the Province of West Java at Current Prices By Regencies/Municipalities, 1998-2001 (Million Rupiahs)",1,1,d21830b6bcbd
JAWA BARAT,,PROPINSI/PROVINCE,"""",2000,*),"153.504.327,02",,"PDRB PROPINSI JAWA BARAT ATAS DASAR HARGA BERLAKU , MENURUT KABUPATEN/KOTA, 1998-2001 (JUTAAN RUPIAH)","GRDP the Province of West Java at Current Prices By Regencies/Municipalities, 1998-2001 (Million Rupiahs)",1,1,62f5b390cdff
JAWA BARAT,01,Bogor,,2001,**),"11.549.910,25",,"PDRB PROPINSI JAWA BARAT ATAS DASAR HARGA BERLAKU , MENURUT KABUPATEN/KOTA, 1998-2001 (JUTAAN RUPIAH)","GRDP the Province of West Java at Current Prices By Regencies/Municipalities, 1998-2001 (Million Rupiahs)",1,1,088a11f5ef10
JAWA BARAT,76,Depok,*),2001,**),"4.114.837,90",,"PDRB PROPINSI JAWA BARAT ATAS DASAR HARGA BERLAKU , MENURUT KABUPATEN/KOTA, 1998-2001 (JUTAAN RUPIAH)","GRDP the Province of West Java at Current Prices By Regencies/Municipalities, 1998-2001 (Million Rupiahs)",1,1,855cccc7bf84
JAWA BARAT,02,Sukabumi,,2001,**),"6.655.691,66",,"PDRB PROPINSI JAWA BARAT ATAS DASAR HARGA BERLAKU , MENURUT KABUPATEN/KOTA, 1998-2001 (JUTAAN RUPIAH)","GRDP the Province of West Java at Current Prices By Regencies/Municipalities, 1998-2001 (Million Rupiahs)",1,1,1665eb4604e3
JAWA BARAT,03,Cianjur,,2001,**),"6.115.146,05",,"PDRB PROPINSI JAWA BARAT ATAS DASAR HARGA BERLAKU , MENURUT KABUPATEN/KOTA, 1998-2001 (JUTAAN RUPIAH)","GRDP the Province of West Java at Current Prices By Regencies/Municipalities, 1998-2001 (Million Rupiahs)",1,1,396b1d5331e3
JAWA BARAT,04,Bandung,,2001,**),"22.939.752,82",,"PDRB PROPINSI JAWA BARAT ATAS DASAR HARGA BERLAKU , MENURUT KABUPATEN/KOTA, 1998-2001 (JUTAAN RUPIAH)","GRDP the Province of West Java at Current Prices By Regencies/Municipalities, 1998-2001 (Million Rupiahs)",1,1,d2b95a5500f9
JAWA BARAT,05,Garut,,2001,**),"6.593.523,22",,"PDRB PROPINSI JAWA BARAT ATAS DASAR HARGA BERLAKU , MENURUT KABUPATEN/KOTA, 1998-2001 (JUTAAN RUPIAH)","GRDP the Province of West Java at Current Prices By Regencies/Municipalities, 1998-2001 (Million Rupiahs)",1,1,4f310d8f4d46
JAWA BARAT,06,Tasikmalaya,,2001,**),"6.215.937,07",,"PDRB PROPINSI JAWA BARAT ATAS DASAR HARGA BERLAKU , MENURUT KABUPATEN/KOTA, 1998-2001 (JUTAAN RUPIAH)","GRDP the Province of West Java at Current Prices By Regencies/Municipalities, 1998-2001 (Million Rupiahs)",1,1,6d23cbf3afc3
JAWA BARAT,07,Ciamis,,2001,**),"5.828.579,07",,"PDRB PROPINSI JAWA BARAT ATAS DASAR HARGA BERLAKU , MENURUT KABUPATEN/KOTA, 1998-2001 (JUTAAN RUPIAH)","GRDP the Province of West Java at Current Prices By Regencies/Municipalities, 1998-2001 (Million Rupiahs)",1,1,3e0e88950b88
JAWA BARAT,08,Kuningan,,2001,**),"2.286.495,71",,"PDRB PROPINSI JAWA BARAT ATAS DASAR HARGA BERLAKU , MENURUT KABUPATEN/KOTA, 1998-2001 (JUTAAN RUPIAH)","GRDP the Province of West Java at Current Prices By Regencies/Municipalities, 1998-2001 (Million Rupiahs)",1,1,5ab4fe222c9e
JAWA BARAT,09,Cirebon,,2001,**),"4.811.475,74",,"PDRB PROPINSI JAWA BARAT ATAS DASAR HARGA BERLAKU , MENURUT KABUPATEN/KOTA, 1998-2001 (JUTAAN RUPIAH)","GRDP the Province of West Java at Current Prices By Regencies/Municipalities, 1998-2001 (Million Rupiahs)",1,1,b2c0bb39f8c8
JAWA BARAT,10,Majalengka,,2001,**),"3.112.262,15",,"PDRB PROPINSI JAWA BARAT ATAS DASAR HARGA BERLAKU , MENURUT KABUPATEN/KOTA, 1998-2001 (JUTAAN RUPIAH)","GRDP the Province of West Java at Current Prices By Regencies/Municipalities, 1998-2001 (Million Rupiahs)",1,1,a8a1850ecdcf
JAWA BARAT,11,Sumedang,,2001,**),"3.042.924,51",,"PDRB PROPINSI JAWA BARAT ATAS DASAR HARGA BERLAKU , MENURUT KABUPATEN/KOTA, 1998-2001 (JUTAAN RUPIAH)","GRDP the Province of West Java at Current Prices By Regencies/Municipalities, 1998-2001 (Million Rupiahs)",1,1,9bd37e1fa770
JAWA BARAT,12,Indramayu,,2001,**),"15.776.356,87",,"PDRB PROPINSI JAWA BARAT ATAS DASAR HARGA BERLAKU , MENURUT KABUPATEN/KOTA, 1998-2001 (JUTAAN RUPIAH)","GRDP the Province of West Java at Current Prices By Regencies/Municipalities, 1998-2001 (Million Rupiahs)",1,1,1a6453db21d3
JAWA BARAT,,Indramayu,'',2001,**),"5.252.362,16",,"PDRB PROPINSI JAWA BARAT ATAS DASAR HARGA BERLAKU , MENURUT KABUPATEN/KOTA, 1998-2001 (JUTAAN RUPIAH)","GRDP the Province of West Java at Current Prices By Regencies/Municipalities, 1998-2001 (Million Rupiahs)",1,1,424f993a28fc
JAWA BARAT,13,Subang,,2001,**),"5.061.997,00",,"PDRB PROPINSI JAWA BARAT ATAS DASAR HARGA BERLAKU , MENURUT KABUPATEN/KOTA, 1998-2001 (JUTAAN RUPIAH)","GRDP the Province of West Java at Current Prices By Regencies/Municipalities, 1998-2001 (Million Rupiahs)",1,1,7adfae918811
JAWA BARAT,14,Purwakarta,,2001,**),"5.226.904,90",,"PDRB PROPINSI JAWA BARAT ATAS DASAR HARGA BERLAKU , MENURUT KABUPATEN/KOTA, 1998-2001 (JUTAAN RUPIAH)","GRDP the Province of West Java at Current Prices By Regencies/Municipalities, 1998-2001 (Million Rupiahs)",1,1,abf6ffd65e0a
JAWA BARAT,15,Karawang,,2001,**),"9.669.916,80",,"PDRB PROPINSI JAWA BARAT ATAS DASAR HARGA BERLAKU , MENURUT KABUPATEN/KOTA, 1998-2001 (JUTAAN RUPIAH)","GRDP the Province of West Java at Current Prices By Regencies/Municipalities, 1998-2001 (Million Rupiahs)",1,1,6b0c5f920e8a
JAWA BARAT,16,Bekasi,,2001,**),"32.384.288,51",,"PDRB PROPINSI JAWA BARAT ATAS DASAR HARGA BERLAKU , MENURUT KABUPATEN/KOTA, 1998-2001 (JUTAAN RUPIAH)","GRDP the Province of West Java at Current Prices By Regencies/Municipalities, 1998-2001 (Million Rupiahs)",1,1,3848d363ed42
JAWA BARAT,71,Bogor,,2001,**),"2.954.164,97",,"PDRB PROPINSI JAWA BARAT ATAS DASAR HARGA BERLAKU , MENURUT KABUPATEN/KOTA, 1998-2001 (JUTAAN RUPIAH)","GRDP the Province of West Java at Current Prices By Regencies/Municipalities, 1998-2001 (Million Rupiahs)",1,1,ffa0bd317efb
JAWA BARAT,72,Sukabumi,,2001,**),"1.213.354,07",,"PDRB PROPINSI JAWA BARAT ATAS DASAR HARGA BERLAKU , MENURUT KABUPATEN/KOTA, 1998-2001 (JUTAAN RUPIAH)","GRDP the Province of West Java at Current Prices By Regencies/Municipalities, 1998-2001 (Million Rupiahs)",1,1,1e5debbcadff
JAWA BARAT,73,Bandung,,2001,**),"17.314.501,95",,"PDRB PROPINSI JAWA BARAT ATAS DASAR HARGA BERLAKU , MENURUT KABUPATEN/KOTA, 1998-2001 (JUTAAN RUPIAH)","GRDP the Province of West Java at Current Prices By Regencies/Municipalities, 1998-2001 (Million Rupiahs)",1,1,2846d4b2bd7b
JAWA BARAT,74,Cirebon,,2001,**),"4.142.363,50",,"PDRB PROPINSI JAWA BARAT ATAS DASAR HARGA BERLAKU , MENURUT KABUPATEN/KOTA, 1998-2001 (JUTAAN RUPIAH)","GRDP the Province of West Java at Current Prices By Regencies/Municipalities, 1998-2001 (Million Rupiahs)",1,1,53de71ece2cb
JAWA BARAT,75,Bekasi,,2001,**),"10.080.200,00",,"PDRB PROPINSI JAWA BARAT ATAS DASAR HARGA BERLAKU , MENURUT KABUPATEN/KOTA, 1998-2001 (JUTAAN RUPIAH)","GRDP the Province of West Java at Current Prices By Regencies/Municipalities, 1998-2001 (Million Rupiahs)",1,1,2c787b4456fa
JAWA BARAT,01,Pandeglang,,2001,**),,,"PDRB PROPINSI JAWA BARAT ATAS DASAR HARGA BERLAKU , MENURUT KABUPATEN/KOTA, 1998-2001 (JUTAAN RUPIAH)","GRDP the Province of West Java at Current Prices By Regencies/Municipalities, 1998-2001 (Million Rupiahs)",1,1,9c6a871babfb
JAWA BARAT,02,Lebak,,2001,**),,,"PDRB PROPINSI JAWA BARAT ATAS DASAR HARGA BERLAKU , MENURUT KABUPATEN/KOTA, 1998-2001 (JUTAAN RUPIAH)","GRDP the Province of West Java at Current Prices By Regencies/Municipalities, 1998-2001 (Million Rupiahs)",1,1,d16aa63038b1
JAWA BARAT,03,Tangerang,,2001,**),,,"PDRB PROPINSI JAWA BARAT ATAS DASAR HARGA BERLAKU , MENURUT KABUPATEN/KOTA, 1998-2001 (JUTAAN RUPIAH)","GRDP the Province of West Java at Current Prices By Regencies/Municipalities, 1998-2001 (Million Rupiahs)",1,1,8a4260d4918d
JAWA BARAT,04,Serang,,2001,**),,,"PDRB PROPINSI JAWA BARAT ATAS DASAR HARGA BERLAKU , MENURUT KABUPATEN/KOTA, 1998-2001 (JUTAAN RUPIAH)","GRDP the Province of West Java at Current Prices By Regencies/Municipalities, 1998-2001 (Million Rupiahs)",1,1,e7bfd49551c1
JAWA BARAT,71,Tangerang,,2001,**),,,"PDRB PROPINSI JAWA BARAT ATAS DASAR HARGA BERLAKU , MENURUT KABUPATEN/KOTA, 1998-2001 (JUTAAN RUPIAH)","GRDP the Province of West Java at Current Prices By Regencies/Municipalities, 1998-2001 (Million Rupiahs)",1,1,f56894c4c338
JAWA BARAT,,Jml Kab /Kota Total of Reg h/Mun,,2001,**),"187.090.584,72",,"PDRB PROPINSI JAWA BARAT ATAS DASAR HARGA BERLAKU , MENURUT KABUPATEN/KOTA, 1998-2001 (JUTAAN RUPIAH)","GRDP the Province of West Java at Current Prices By Regencies/Municipalities, 1998-2001 (Million Rupiahs)",1,1,fd7eb0f411d8
JAWA BARAT,,Jml Kab /Kota Total of Reg /Mun,"""",2001,**),"176.566.590,01",,"PDRB PROPINSI JAWA BARAT ATAS DASAR HARGA BERLAKU , MENURUT KABUPATEN/KOTA, 1998-2001 (JUTAAN RUPIAH)","GRDP the Province of West Java at Current Prices By Regencies/Municipalities, 1998-2001 (Million Rupiahs)",1,1,ca3202fc07a4
JAWA BARAT,,PROPINSI/PROVINCE,,2001,**),"193.176.425,55",,"PDRB PROPINSI JAWA BARAT ATAS DASAR HARGA BERLAKU , MENURUT KABUPATEN/KOTA, 1998-2001 (JUTAAN RUPIAH)","GRDP the Province of West Java at Current Prices By Regencies/Municipalities, 1998-2001 (Million Rupiahs)",1,1,63b59b790120
JAWA BARAT,,PROPINSI/PROVINCE,"""",2001,**),"169.459.749,32",,"PDRB PROPINSI JAWA BARAT ATAS DASAR HARGA BERLAKU , MENURUT KABUPATEN/KOTA, 1998-2001 (JUTAAN RUPIAH)","GRDP the Province of West Java at Current Prices By Regencies/Municipalities, 1998-2001 (Million Rupiahs)",1,1,7917970d9119
BANTEN,1,Pandeglang,,2000,*),"2.671.142,25",,"PDRB PROPINSI BANTEN ATAS DASAR HARGA BERLAKU ,
 MENURUT KABUPATEN/KOTA, 1998-2001 (JUTAAN RUPIAH)/","GRDP the Province of Banten at Current Prices
 By Regencies/Municipalities, 1998-2001 (Million Rupiahs)",2,2,dcefbc9aeb84
BANTEN,1,Pandeglang,,2001,**),"3.066.808,34",,"PDRB PROPINSI BANTEN ATAS DASAR HARGA BERLAKU ,
 MENURUT KABUPATEN/KOTA, 1998-2001 (JUTAAN RUPIAH)/","GRDP the Province of Banten at Current Prices
 By Regencies/Municipalities, 1998-2001 (Million Rupiahs)",2,2,7e327de48fe0
BANTEN,2,Lebak,,2000,*),"2.707.852,76",,"PDRB PROPINSI BANTEN ATAS DASAR HARGA BERLAKU ,
 MENURUT KABUPATEN/KOTA, 1998-2001 (JUTAAN RUPIAH)/","GRDP the Province of Banten at Current Prices
 By Regencies/Municipalities, 1998-2001 (Million Rupiahs)",2,2,b332f9fe8cb1
BANTEN,2,Lebak,,2001,**),"3.031.134,00",,"PDRB PROPINSI BANTEN ATAS DASAR HARGA BERLAKU ,
 MENURUT KABUPATEN/KOTA, 1998-2001 (JUTAAN RUPIAH)/","GRDP the Province of Banten at Current Prices
 By Regencies/Municipalities, 1998-2001 (Million Rupiahs)",2,2,c261e4c4f9f7
BANTEN,3,Tangerang,,2000,*),"12.196.830,13",,"PDRB PROPINSI BANTEN ATAS DASAR HARGA BERLAKU ,
 MENURUT KABUPATEN/KOTA, 1998-2001 (JUTAAN RUPIAH)/","GRDP the Province of Banten at Current Prices
 By Regencies/Municipalities, 1998-2001 (Million Rupiahs)",2,2,d826eccc864d
BANTEN,3,Tangerang,,2001,**),"14.314.882,86",,"PDRB PROPINSI BANTEN ATAS DASAR HARGA BERLAKU ,
 MENURUT KABUPATEN/KOTA, 1998-2001 (JUTAAN RUPIAH)/","GRDP the Province of Banten at Current Prices
 By Regencies/Municipalities, 1998-2001 (Million Rupiahs)",2,2,1204358c0369
BANTEN,4,Serang,,2000,*),"6.541.283,00",,"PDRB PROPINSI BANTEN ATAS DASAR HARGA BERLAKU ,
 MENURUT KABUPATEN/KOTA, 1998-2001 (JUTAAN RUPIAH)/","GRDP the Province of Banten at Current Prices
 By Regencies/Municipalities, 1998-2001 (Million Rupiahs)",2,2,6775f6741d99
BANTEN,4,Serang,,2001,**),"7.226.565,00",,"PDRB PROPINSI BANTEN ATAS DASAR HARGA BERLAKU ,
 MENURUT KABUPATEN/KOTA, 1998-2001 (JUTAAN RUPIAH)/","GRDP the Province of Banten at Current Prices
 By Regencies/Municipalities, 1998-2001 (Million Rupiahs)",2,2,85c232392f3d
BANTEN,72,Cilegon,#),2000,*),"6.643.927,00",,"PDRB PROPINSI BANTEN ATAS DASAR HARGA BERLAKU ,
 MENURUT KABUPATEN/KOTA, 1998-2001 (JUTAAN RUPIAH)/","GRDP the Province of Banten at Current Prices
 By Regencies/Municipalities, 1998-2001 (Million Rupiahs)",2,2,7a6c586e2373
BANTEN,72,Cilegon,#),2001,**),"7.812.247,81",,"PDRB PROPINSI BANTEN ATAS DASAR HARGA BERLAKU ,
 MENURUT KABUPATEN/KOTA, 1998-2001 (JUTAAN RUPIAH)/","GRDP the Province of Banten at Current Prices
 By Regencies/Municipalities, 1998-2001 (Million Rupiahs)",2,2,f79c6481f03a
BANTEN,71,Tangerang,,2000,*),"16.205.997,00",,"PDRB PROPINSI BANTEN ATAS DASAR HARGA BERLAKU ,
 MENURUT KABUPATEN/KOTA, 1998-2001 (JUTAAN RUPIAH)/","GRDP the Province of Banten at Current Prices
 By Regencies/Municipalities, 1998-2001 (Million Rupiahs)",2,2,82f7bc4ef2bd
BANTEN,71,Tangerang,,2001,**),"18.393.365,00",,"PDRB PROPINSI BANTEN ATAS DASAR HARGA BERLAKU ,
 MENURUT KABUPATEN/KOTA, 1998-2001 (JUTAAN RUPIAH)/","GRDP the Province of Banten at Current Prices
 By Regencies/Municipalities, 1998-2001 (Million Rupiahs)",2,2,d9a55c5e9e2a
BANTEN,,Jml Kab /Kota Total of Reg /Mun,,2000,*),"46.967.032,14",,"PDRB PROPINSI BANTEN ATAS DASAR HARGA BERLAKU ,
 MENURUT KABUPATEN/KOTA, 1998-2001 (JUTAAN RUPIAH)/","GRDP the Province of Banten at Current Prices
 By Regencies/Municipalities, 1998-2001 (Million Rupiahs)",2,2,3f2de497012e
BANTEN,,Jml Kab /Kota Total of Reg /Mun,,2001,**),"53.845.003,01",,"PDRB PROPINSI BANTEN ATAS DASAR HARGA BERLAKU ,
 MENURUT KABUPATEN/KOTA, 1998-2001 (JUTAAN RUPIAH)/","GRDP the Province of Banten at Current Prices
 By Regencies/Municipalities, 1998-2001 (Million Rupiahs)",2,2,6c336d859375
BANTEN,,PROPINSI/PROVINCE,,2000,*),"43.184.332,12",,"PDRB PROPINSI BANTEN ATAS DASAR HARGA BERLAKU ,
 MENURUT KABUPATEN/KOTA, 1998-2001 (JUTAAN RUPIAH)/","GRDP the Province of Banten at Current Prices
 By Regencies/Municipalities, 1998-2001 (Million Rupiahs)",2,2,04378c4d399e
BANTEN,,PROPINSI/PROVINCE,,2001,**),"50.214.723,64",,"PDRB PROPINSI BANTEN ATAS DASAR HARGA BERLAKU ,
 MENURUT KABUPATEN/KOTA, 1998-2001 (JUTAAN RUPIAH)/","GRDP the Province of Banten at Current Prices
 By Regencies/Municipalities, 1998-2001 (Million Rupiahs)",2,2,5235fffd5b20
