district_id,district_num,province_canonical,district_name_2000,admin_type,bps_code,multi_province_flag,notes
ACEH_ACEH_BARAT,1,ACEH,ACEH BARAT,,1107,False,
ACEH_ACEH_BARAT_DAYA,2,ACEH,ACEH BARAT DAYA,,1112,False,
ACEH_ACEH_BESAR,3,ACEH,ACEH BESAR,,1108,False,
ACEH_ACEH_JAYA,4,ACEH,ACEH JAYA,,1116,False,
ACEH_ACEH_SELATAN,5,ACEH,ACEH SELATAN,,1103,False,
ACEH_ACEH_SINGKIL,6,ACEH,ACEH SINGKIL,,1102,False,
ACEH_ACEH_TAMIANG,7,ACEH,ACEH TAMIANG,,1114,False,
ACEH_ACEH_TENGAH,8,ACEH,ACEH TENGAH,,1106,False,
ACEH_ACEH_TENGGARA,9,ACEH,ACEH TENGGARA,,1104,False,
ACEH_ACEH_TIMUR,10,ACEH,ACEH TIMUR,,1105,False,
ACEH_ACEH_UTARA,11,ACEH,ACEH UTARA,,1111,False,
ACEH_BANDA_ACEH,12,ACEH,BANDA ACEH,,1171,False,
ACEH_BIREUEN,13,ACEH,BIREUEN,,1110,False,
ACEH_GAYO_LUES,14,ACEH,GAYO LUES,,1113,False,
ACEH_LANGSA,15,ACEH,LANGSA,,1173,False,
ACEH_NAGAN_RAYA,16,ACEH,NAGAN RAYA,,1115,False,
ACEH_PIDIE,18,ACEH,PIDIE,,1109,False,
ACEH_SABANG,19,ACEH,SABANG,,1172,False,
ACEH_SIMEULUE,20,ACEH,SIMEULUE,,1101,False,
BALI_BADUNG,21,BALI,BADUNG,,5103,False,
BALI_BANGLI,22,BALI,BANGLI,,5106,False,
BALI_BULELENG,23,BALI,BULELENG,,5108,False,
BALI_DENPASAR,24,BALI,DENPASAR,,5171,False,
BALI_GIANYAR,25,BALI,GIANYAR,,5104,False,
BALI_JEMBRANA,26,BALI,JEMBRANA,,5101,False,
BALI_KARANGASEM,28,BALI,KARANGASEM,,5107,False,
BALI_KLUNGKUNG,29,BALI,KLUNGKUNG,,5105,False,
BALI_TABANAN,30,BALI,TABANAN,,5102,False,
BANTEN_CILEGON,31,BANTEN,CILEGON,,3672,False,
BANTEN_LEBAK,32,BANTEN,LEBAK,,3602,True,appears under >1 province historically (pre/post province split); province_canonical verified against bps_code_reference.csv province-code prefix on 2026-09-17
BANTEN_PANDEGLANG,33,BANTEN,PANDEGLANG,,3601,True,appears under >1 province historically (pre/post province split); province_canonical verified against bps_code_reference.csv province-code prefix on 2026-09-17
BANTEN_SERANG_KAB,34,BANTEN,SERANG,kabupaten,3604,True,appears under >1 province historically (pre/post province split); province_canonical verified against bps_code_reference.csv province-code prefix on 2026-09-17
BANTEN_SERANG_KOTA,35,BANTEN,SERANG,kota,3673,True,appears under >1 province historically (pre/post province split); province_canonical verified against bps_code_reference.csv province-code prefix on 2026-09-17
BANTEN_TANGERANG_KAB,36,BANTEN,TANGERANG,kabupaten,3603,True,appears under >1 province historically (pre/post province split); province_canonical verified against bps_code_reference.csv province-code prefix on 2026-09-17
BANTEN_TANGERANG_KOTA,37,BANTEN,TANGERANG,kota,3671,True,appears under >1 province historically (pre/post province split); province_canonical verified against bps_code_reference.csv province-code prefix on 2026-09-17
BENGKULU_BENGKULU,38,BENGKULU,BENGKULU,,1771,False,
BENGKULU_BENGKULU_SELATAN,39,BENGKULU,BENGKULU SELATAN,,1701,False,
BENGKULU_BENGKULU_UTARA,40,BENGKULU,BENGKULU UTARA,,1703,False,
BENGKULU_KAUR,41,BENGKULU,KAUR,,1704,False,
BENGKULU_MUKOMUKO,42,BENGKULU,MUKOMUKO,,1706,False,name variant collapsed — add to name_corrections.csv
BENGKULU_REJANG_LEBONG,43,BENGKULU,REJANG LEBONG,,1702,False,
BENGKULU_SELUMA,44,BENGKULU,SELUMA,,1705,False,
DI_YOGYAKARTA_BANTUL,45,DI YOGYAKARTA,BANTUL,,3402,False,
DI_YOGYAKARTA_GUNUNG_KIDUL,46,DI YOGYAKARTA,GUNUNG KIDUL,,3403,False,
DI_YOGYAKARTA_KULON_PROGO,47,DI YOGYAKARTA,KULON PROGO,,3401,False,
DI_YOGYAKARTA_SLEMAN,48,DI YOGYAKARTA,SLEMAN,,3404,False,
DI_YOGYAKARTA_YOGYAKARTA,49,DI YOGYAKARTA,YOGYAKARTA,,3471,False,
DKI_JAKARTA_JAKARTA_BARAT,51,DKI JAKARTA,JAKARTA BARAT,,3174,False,
DKI_JAKARTA_JAKARTA_PUSAT,52,DKI JAKARTA,JAKARTA PUSAT,,3173,False,
DKI_JAKARTA_JAKARTA_SELATAN,53,DKI JAKARTA,JAKARTA SELATAN,,3171,False,
DKI_JAKARTA_JAKARTA_TIMUR,54,DKI JAKARTA,JAKARTA TIMUR,,3172,False,
DKI_JAKARTA_JAKARTA_UTARA,55,DKI JAKARTA,JAKARTA UTARA,,3175,False,
DKI_JAKARTA_KEPULAUAN_SERIBU,56,DKI JAKARTA,KEPULAUAN SERIBU,,3101,False,
GORONTALO_BOALEMO,57,GORONTALO,BOALEMO,,7501,False,
GORONTALO_BONE_BOLANGO,58,GORONTALO,BONE BOLANGO,,7504,False,
GORONTALO_GORONTALO_KAB,59,GORONTALO,GORONTALO,kabupaten,7502,True,appears under >1 province historically (pre/post province split); province_canonical verified against bps_code_reference.csv province-code prefix on 2026-09-17
GORONTALO_GORONTALO_KOTA,60,GORONTALO,GORONTALO,kota,7571,True,appears under >1 province historically (pre/post province split); province_canonical verified against bps_code_reference.csv province-code prefix on 2026-09-17
GORONTALO_POHUWATO,61,GORONTALO,POHUWATO,,7503,False,
JAMBI_BATANG_HARI,62,JAMBI,BATANG HARI,,1504,False,
JAMBI_BUNGO,64,JAMBI,BUNGO,,1509,False,
JAMBI_BUNGO_TEBO,65,JAMBI,BUNGO TEBO,,1509,False,"pre-split parent; Bungo retained 1509, Tebo got 1508"
JAMBI_JAMBI,66,JAMBI,JAMBI,,1571,False,
JAMBI_KERINCI,67,JAMBI,KERINCI,,1501,False,
JAMBI_MERANGIN,68,JAMBI,MERANGIN,,1502,False,
JAMBI_MUARO_JAMBI,69,JAMBI,MUARO JAMBI,,1505,False,
JAMBI_SAROLANGUN,71,JAMBI,SAROLANGUN,,1503,False,
JAMBI_SAROLANGUN_BANGKO,72,JAMBI,SAROLANGUN BANGKO,,1502,False,"pre-split parent; Merangin retained 1502, Sarolangun got 1503"
JAMBI_TANJUNG_JABUNG,73,JAMBI,TANJUNG JABUNG,,1507,False,"pre-split parent; Tanjung Jabung Barat retained 1507, Timur got 1506"
JAMBI_TANJUNG_JABUNG_BARAT,74,JAMBI,TANJUNG JABUNG BARAT,,1507,False,
JAMBI_TANJUNG_JABUNG_TIMUR,75,JAMBI,TANJUNG JABUNG TIMUR,,1506,False,
JAMBI_TEBO,76,JAMBI,TEBO,,1508,False,
JAWA_BARAT_BANDUNG_KAB,77,JAWA BARAT,BANDUNG,kabupaten,3204,False,
JAWA_BARAT_BANDUNG_KOTA,78,JAWA BARAT,BANDUNG,kota,3273,False,
JAWA_BARAT_BEKASI_KAB,79,JAWA BARAT,BEKASI,kabupaten,3216,False,
JAWA_BARAT_BEKASI_KOTA,80,JAWA BARAT,BEKASI,kota,3275,False,
JAWA_BARAT_BOGOR_KAB,81,JAWA BARAT,BOGOR,kabupaten,3201,False,
JAWA_BARAT_BOGOR_KOTA,82,JAWA BARAT,BOGOR,kota,3271,False,
JAWA_BARAT_CIAMIS,83,JAWA BARAT,CIAMIS,,3207,False,
JAWA_BARAT_CIANJUR,84,JAWA BARAT,CIANJUR,,3203,False,
JAWA_BARAT_CIMAHI,85,JAWA BARAT,CIMAHI,,3277,False,
JAWA_BARAT_CIREBON_KAB,86,JAWA BARAT,CIREBON,kabupaten,3209,False,
JAWA_BARAT_CIREBON_KOTA,87,JAWA BARAT,CIREBON,kota,3274,False,
JAWA_BARAT_DEPOK,88,JAWA BARAT,DEPOK,,3276,False,
JAWA_BARAT_GARUT,89,JAWA BARAT,GARUT,,3205,False,
JAWA_BARAT_INDRAMAYU,90,JAWA BARAT,INDRAMAYU,,3212,False,
JAWA_BARAT_KARAWANG,91,JAWA BARAT,KARAWANG,,3215,False,
JAWA_BARAT_KUNINGAN,92,JAWA BARAT,KUNINGAN,,3208,False,
JAWA_BARAT_MAJALENGKA,93,JAWA BARAT,MAJALENGKA,,3210,False,
JAWA_BARAT_PURWAKARTA,94,JAWA BARAT,PURWAKARTA,,3214,False,
JAWA_BARAT_SUBANG,95,JAWA BARAT,SUBANG,,3213,False,
JAWA_BARAT_SUKABUMI_KAB,96,JAWA BARAT,SUKABUMI,kabupaten,3202,False,
JAWA_BARAT_SUKABUMI_KOTA,97,JAWA BARAT,SUKABUMI,kota,3272,False,
JAWA_BARAT_SUMEDANG,98,JAWA BARAT,SUMEDANG,,3211,False,
JAWA_BARAT_TASIKMALAYA_KAB,99,JAWA BARAT,TASIKMALAYA,kabupaten,3206,False,
JAWA_BARAT_TASIKMALAYA_KOTA,100,JAWA BARAT,TASIKMALAYA,kota,3278,False,
JAWA_TENGAH_BANJARNEGARA,101,JAWA TENGAH,BANJARNEGARA,,3304,False,
JAWA_TENGAH_BANYUMAS,102,JAWA TENGAH,BANYUMAS,,3302,False,
JAWA_TENGAH_BATANG,103,JAWA TENGAH,BATANG,,3325,False,
JAWA_TENGAH_BLORA,104,JAWA TENGAH,BLORA,,3316,False,
JAWA_TENGAH_BOYOLALI,105,JAWA TENGAH,BOYOLALI,,3309,False,
JAWA_TENGAH_BREBES,106,JAWA TENGAH,BREBES,,3329,False,
JAWA_TENGAH_CILACAP,107,JAWA TENGAH,CILACAP,,3301,False,
JAWA_TENGAH_DEMAK,108,JAWA TENGAH,DEMAK,,3321,False,
JAWA_TENGAH_GROBOGAN,109,JAWA TENGAH,GROBOGAN,,3315,False,
JAWA_TENGAH_JEPARA,110,JAWA TENGAH,JEPARA,,3320,False,
JAWA_TENGAH_KARANGANYAR,111,JAWA TENGAH,KARANGANYAR,,3313,False,
JAWA_TENGAH_KEBUMEN,112,JAWA TENGAH,KEBUMEN,,3305,False,
JAWA_TENGAH_KENDAL,113,JAWA TENGAH,KENDAL,,3324,False,
JAWA_TENGAH_KLATEN,114,JAWA TENGAH,KLATEN,,3310,False,
JAWA_TENGAH_KUDUS,115,JAWA TENGAH,KUDUS,,3319,False,
JAWA_TENGAH_MAGELANG_KAB,116,JAWA TENGAH,MAGELANG,kabupaten,3308,False,
JAWA_TENGAH_MAGELANG_KOTA,117,JAWA TENGAH,MAGELANG,kota,3371,False,
JAWA_TENGAH_PATI,118,JAWA TENGAH,PATI,,3318,False,
JAWA_TENGAH_PEKALONGAN_KAB,119,JAWA TENGAH,PEKALONGAN,kabupaten,3326,False,
JAWA_TENGAH_PEKALONGAN_KOTA,120,JAWA TENGAH,PEKALONGAN,kota,3375,False,
JAWA_TENGAH_PEMALANG,121,JAWA TENGAH,PEMALANG,,3327,False,
JAWA_TENGAH_PURBALINGGA,122,JAWA TENGAH,PURBALINGGA,,3303,False,
JAWA_TENGAH_PURWOREJO,123,JAWA TENGAH,PURWOREJO,,3306,False,
JAWA_TENGAH_REMBANG,124,JAWA TENGAH,REMBANG,,3317,False,
JAWA_TENGAH_SALATIGA,125,JAWA TENGAH,SALATIGA,,3373,False,
JAWA_TENGAH_SEMARANG_KAB,126,JAWA TENGAH,SEMARANG,kabupaten,3322,False,
JAWA_TENGAH_SEMARANG_KOTA,127,JAWA TENGAH,SEMARANG,kota,3374,False,
JAWA_TENGAH_SRAGEN,128,JAWA TENGAH,SRAGEN,,3314,False,
JAWA_TENGAH_SUKOHARJO,129,JAWA TENGAH,SUKOHARJO,,3311,False,
JAWA_TENGAH_SURAKARTA,130,JAWA TENGAH,SURAKARTA,,3372,False,
JAWA_TENGAH_TEGAL_KAB,131,JAWA TENGAH,TEGAL,kabupaten,3328,False,
JAWA_TENGAH_TEGAL_KOTA,132,JAWA TENGAH,TEGAL,kota,3376,False,
JAWA_TENGAH_TEMANGGUNG,133,JAWA TENGAH,TEMANGGUNG,,3323,False,
JAWA_TENGAH_WONOGIRI,134,JAWA TENGAH,WONOGIRI,,3312,False,
JAWA_TENGAH_WONOSOBO,135,JAWA TENGAH,WONOSOBO,,3307,False,
JAWA_TIMUR_BANGKALAN,136,JAWA TIMUR,BANGKALAN,,3526,False,
JAWA_TIMUR_BANYUWANGI,137,JAWA TIMUR,BANYUWANGI,,3510,False,
JAWA_TIMUR_BATU,138,JAWA TIMUR,BATU,,3579,False,
JAWA_TIMUR_BLITAR_KAB,139,JAWA TIMUR,BLITAR,kabupaten,3505,False,
JAWA_TIMUR_BLITAR_KOTA,140,JAWA TIMUR,BLITAR,kota,3572,False,
JAWA_TIMUR_BOJONEGORO,141,JAWA TIMUR,BOJONEGORO,,3522,False,
JAWA_TIMUR_BONDOWOSO,142,JAWA TIMUR,BONDOWOSO,,3511,False,
JAWA_TIMUR_GRESIK,143,JAWA TIMUR,GRESIK,,3525,False,
JAWA_TIMUR_JEMBER,144,JAWA TIMUR,JEMBER,,3509,False,
JAWA_TIMUR_JOMBANG,145,JAWA TIMUR,JOMBANG,,3517,False,
JAWA_TIMUR_KEDIRI_KAB,146,JAWA TIMUR,KEDIRI,kabupaten,3506,False,
JAWA_TIMUR_KEDIRI_KOTA,147,JAWA TIMUR,KEDIRI,kota,3571,False,
JAWA_TIMUR_LAMONGAN,148,JAWA TIMUR,LAMONGAN,,3524,False,
JAWA_TIMUR_LUMAJANG,149,JAWA TIMUR,LUMAJANG,,3508,False,
JAWA_TIMUR_MADIUN_KAB,150,JAWA TIMUR,MADIUN,kabupaten,3519,False,
JAWA_TIMUR_MADIUN_KOTA,151,JAWA TIMUR,MADIUN,kota,3577,False,
JAWA_TIMUR_MAGETAN,152,JAWA TIMUR,MAGETAN,,3520,False,
JAWA_TIMUR_MALANG_KAB,153,JAWA TIMUR,MALANG,kabupaten,3507,False,
JAWA_TIMUR_MALANG_KOTA,154,JAWA TIMUR,MALANG,kota,3573,False,
JAWA_TIMUR_MOJOKERTO_KAB,155,JAWA TIMUR,MOJOKERTO,kabupaten,3516,False,
JAWA_TIMUR_MOJOKERTO_KOTA,156,JAWA TIMUR,MOJOKERTO,kota,3576,False,
JAWA_TIMUR_NGANJUK,157,JAWA TIMUR,NGANJUK,,3518,False,
JAWA_TIMUR_NGAWI,158,JAWA TIMUR,NGAWI,,3521,False,
JAWA_TIMUR_PACITAN,159,JAWA TIMUR,PACITAN,,3501,False,
JAWA_TIMUR_PAMEKASAN,160,JAWA TIMUR,PAMEKASAN,,3528,False,
JAWA_TIMUR_PASURUAN_KAB,161,JAWA TIMUR,PASURUAN,kabupaten,3514,False,
JAWA_TIMUR_PASURUAN_KOTA,162,JAWA TIMUR,PASURUAN,kota,3575,False,
JAWA_TIMUR_PONOROGO,163,JAWA TIMUR,PONOROGO,,3502,False,
JAWA_TIMUR_PROBOLINGGO_KAB,164,JAWA TIMUR,PROBOLINGGO,kabupaten,3513,False,
JAWA_TIMUR_PROBOLINGGO_KOTA,165,JAWA TIMUR,PROBOLINGGO,kota,3574,False,
JAWA_TIMUR_SAMPANG,166,JAWA TIMUR,SAMPANG,,3527,False,
JAWA_TIMUR_SIDOARJO,167,JAWA TIMUR,SIDOARJO,,3515,False,
JAWA_TIMUR_SITUBONDO,168,JAWA TIMUR,SITUBONDO,,3512,False,
JAWA_TIMUR_SUMENEP,169,JAWA TIMUR,SUMENEP,,3529,False,
JAWA_TIMUR_SURABAYA,170,JAWA TIMUR,SURABAYA,,3578,False,
JAWA_TIMUR_TRENGGALEK,171,JAWA TIMUR,TRENGGALEK,,3503,False,
JAWA_TIMUR_TUBAN,172,JAWA TIMUR,TUBAN,,3523,False,
JAWA_TIMUR_TULUNGAGUNG,173,JAWA TIMUR,TULUNGAGUNG,,3504,False,
KALIMANTAN_BARAT_BENGKAYANG,174,KALIMANTAN BARAT,BENGKAYANG,,6102,False,
KALIMANTAN_BARAT_KAPUAS_HULU,175,KALIMANTAN BARAT,KAPUAS HULU,,6108,False,
KALIMANTAN_BARAT_KETAPANG,176,KALIMANTAN BARAT,KETAPANG,,6106,False,
KALIMANTAN_BARAT_LANDAK,177,KALIMANTAN BARAT,LANDAK,,6103,False,
KALIMANTAN_BARAT_PONTIANAK_KAB,179,KALIMANTAN BARAT,PONTIANAK,kabupaten,6104,False,
KALIMANTAN_BARAT_PONTIANAK_KOTA,180,KALIMANTAN BARAT,PONTIANAK,kota,6171,False,
KALIMANTAN_BARAT_SAMBAS,181,KALIMANTAN BARAT,SAMBAS,,6101,False,
KALIMANTAN_BARAT_SANGGAU,182,KALIMANTAN BARAT,SANGGAU,,6105,False,
KALIMANTAN_BARAT_SINGKAWANG,183,KALIMANTAN BARAT,SINGKAWANG,,6172,False,
KALIMANTAN_BARAT_SINTANG,184,KALIMANTAN BARAT,SINTANG,,6107,False,
KALIMANTAN_SELATAN_BALANGAN,185,KALIMANTAN SELATAN,BALANGAN,,6311,False,
KALIMANTAN_SELATAN_BANJAR,186,KALIMANTAN SELATAN,BANJAR,,6303,True,appears under >1 province historically (pre/post province split); province_canonical verified against bps_code_reference.csv province-code prefix on 2026-09-17
KALIMANTAN_SELATAN_BANJAR_BARU,187,KALIMANTAN SELATAN,BANJAR BARU,,6372,False,
KALIMANTAN_SELATAN_BANJARMASIN,189,KALIMANTAN SELATAN,BANJARMASIN,,6371,False,
KALIMANTAN_SELATAN_BARITO_KUALA,190,KALIMANTAN SELATAN,BARITO KUALA,,6304,False,
KALIMANTAN_SELATAN_HULU_SUNGAI_SELATAN,192,KALIMANTAN SELATAN,HULU SUNGAI SELATAN,,6306,False,
KALIMANTAN_SELATAN_HULU_SUNGAI_TENGAH,193,KALIMANTAN SELATAN,HULU SUNGAI TENGAH,,6307,False,
KALIMANTAN_SELATAN_HULU_SUNGAI_UTARA,194,KALIMANTAN SELATAN,HULU SUNGAI UTARA,,6308,False,
KALIMANTAN_SELATAN_KOTABARU,195,KALIMANTAN SELATAN,KOTABARU,,6302,False,
KALIMANTAN_SELATAN_TABALONG,196,KALIMANTAN SELATAN,TABALONG,,6309,False,
KALIMANTAN_SELATAN_TANAH_BUMBU,197,KALIMANTAN SELATAN,TANAH BUMBU,,6310,False,
KALIMANTAN_SELATAN_TANAH_LAUT,198,KALIMANTAN SELATAN,TANAH LAUT,,6301,False,
KALIMANTAN_SELATAN_TAPIN,199,KALIMANTAN SELATAN,TAPIN,,6305,False,
KALIMANTAN_TENGAH_BARITO_SELATAN,200,KALIMANTAN TENGAH,BARITO SELATAN,,6204,False,
KALIMANTAN_TENGAH_BARITO_TIMUR,201,KALIMANTAN TENGAH,BARITO TIMUR,,6212,False,
KALIMANTAN_TENGAH_BARITO_UTARA,202,KALIMANTAN TENGAH,BARITO UTARA,,6205,False,
KALIMANTAN_TENGAH_GUNUNG_MAS,203,KALIMANTAN TENGAH,GUNUNG MAS,,6211,False,
KALIMANTAN_TENGAH_KAPUAS,204,KALIMANTAN TENGAH,KAPUAS,,6203,False,
KALIMANTAN_TENGAH_KATINGAN,205,KALIMANTAN TENGAH,KATINGAN,,6209,False,
KALIMANTAN_TENGAH_KOTAWARINGIN_BARAT,206,KALIMANTAN TENGAH,KOTAWARINGIN BARAT,,6201,False,
KALIMANTAN_TENGAH_KOTAWARINGIN_TIMUR,207,KALIMANTAN TENGAH,KOTAWARINGIN TIMUR,,6202,False,
KALIMANTAN_TENGAH_LAMANDAU,208,KALIMANTAN TENGAH,LAMANDAU,,6207,False,
KALIMANTAN_TENGAH_MURUNG_RAYA,209,KALIMANTAN TENGAH,MURUNG RAYA,,6213,False,
KALIMANTAN_TENGAH_PALANGKA_RAYA,210,KALIMANTAN TENGAH,PALANGKA RAYA,,6271,False,
KALIMANTAN_TENGAH_PULANG_PISAU,212,KALIMANTAN TENGAH,PULANG PISAU,,6210,False,
KALIMANTAN_TENGAH_SERUYAN,213,KALIMANTAN TENGAH,SERUYAN,,6208,False,
KALIMANTAN_TENGAH_SUKAMARA,214,KALIMANTAN TENGAH,SUKAMARA,,6206,False,
KALIMANTAN_TIMUR_BALIKPAPAN,215,KALIMANTAN TIMUR,BALIKPAPAN,,6471,False,
KALIMANTAN_TIMUR_BERAU,216,KALIMANTAN TIMUR,BERAU,,6405,False,
KALIMANTAN_TIMUR_BONTANG,217,KALIMANTAN TIMUR,BONTANG,,6474,False,
KALIMANTAN_TIMUR_BULUNGAN,219,KALIMANTAN TIMUR,BULUNGAN,,6407,False,
KALIMANTAN_TIMUR_KUTAI,220,KALIMANTAN TIMUR,KUTAI,,6403,False,"pre-split parent; Kutai Kartanegara retained 6403; Kutai Barat 6402, Timur 6404"
KALIMANTAN_TIMUR_KUTAI_BARAT,221,KALIMANTAN TIMUR,KUTAI BARAT,,6402,False,
KALIMANTAN_TIMUR_KUTAI_KARTANEGARA,222,KALIMANTAN TIMUR,KUTAI KARTANEGARA,,6403,False,
KALIMANTAN_TIMUR_KUTAI_TIMUR,224,KALIMANTAN TIMUR,KUTAI TIMUR,,6404,False,
KALIMANTAN_TIMUR_MALINAU,225,KALIMANTAN TIMUR,MALINAU,,6406,False,
KALIMANTAN_TIMUR_NUNUKAN,226,KALIMANTAN TIMUR,NUNUKAN,,6408,False,
KALIMANTAN_TIMUR_PASER,227,KALIMANTAN TIMUR,PASER,,6401,False,
KALIMANTAN_TIMUR_PASIR,228,KALIMANTAN TIMUR,PASIR,,6401,False,DEPRECATED — same district as KALIMANTAN_TIMUR_PASER (227); all panel rows reassigned to 227 via name_corrections rename entry; renamed to Paser 2007; same code
KALIMANTAN_TIMUR_PENAJAM_PASER_UTARA,229,KALIMANTAN TIMUR,PENAJAM PASER UTARA,,6409,False,
KALIMANTAN_TIMUR_SAMARINDA,230,KALIMANTAN TIMUR,SAMARINDA,,6472,False,
KALIMANTAN_TIMUR_TARAKAN,231,KALIMANTAN TIMUR,TARAKAN,,6473,False,
KEPULAUAN_BANGKA_BELITUNG_BANGKA,232,KEPULAUAN BANGKA BELITUNG,BANGKA,,1901,True,appears under >1 province historically (pre/post province split); province_canonical verified against bps_code_reference.csv province-code prefix on 2026-09-17
KEPULAUAN_BANGKA_BELITUNG_BANGKA_BARAT,233,KEPULAUAN BANGKA BELITUNG,BANGKA BARAT,,1903,False,
KEPULAUAN_BANGKA_BELITUNG_BANGKA_SELATAN,234,KEPULAUAN BANGKA BELITUNG,BANGKA SELATAN,,1905,False,
KEPULAUAN_BANGKA_BELITUNG_BANGKA_TENGAH,235,KEPULAUAN BANGKA BELITUNG,BANGKA TENGAH,,1904,False,
KEPULAUAN_BANGKA_BELITUNG_BELITUNG,236,KEPULAUAN BANGKA BELITUNG,BELITUNG,,1902,True,appears under >1 province historically (pre/post province split); province_canonical verified against bps_code_reference.csv province-code prefix on 2026-09-17
KEPULAUAN_BANGKA_BELITUNG_BELITUNG_TIMUR,237,KEPULAUAN BANGKA BELITUNG,BELITUNG TIMUR,,1906,False,
KEPULAUAN_BANGKA_BELITUNG_PANGKAL_PINANG,238,KEPULAUAN BANGKA BELITUNG,PANGKAL PINANG,,1971,True,appears under >1 province historically (pre/post province split); province_canonical verified against bps_code_reference.csv province-code prefix on 2026-09-17
KEPULAUAN_RIAU_BATAM,240,KEPULAUAN RIAU,BATAM,,2171,True,appears under >1 province historically (pre/post province split); province_canonical verified against bps_code_reference.csv province-code prefix on 2026-09-17
KEPULAUAN_RIAU_BINTAN,241,KEPULAUAN RIAU,BINTAN,,2102,False,
KEPULAUAN_RIAU_KARIMUN,242,KEPULAUAN RIAU,KARIMUN,,2101,True,appears under >1 province historically (pre/post province split); province_canonical verified against bps_code_reference.csv province-code prefix on 2026-09-17
KEPULAUAN_RIAU_NATUNA,243,KEPULAUAN RIAU,NATUNA,,2103,True,appears under >1 province historically (pre/post province split); province_canonical verified against bps_code_reference.csv province-code prefix on 2026-09-17
KEPULAUAN_RIAU_TANJUNG_PINANG,245,KEPULAUAN RIAU,TANJUNG PINANG,,2172,True,appears under >1 province historically (pre/post province split); province_canonical verified against bps_code_reference.csv province-code prefix on 2026-09-17
LAMPUNG_BANDAR_LAMPUNG,246,LAMPUNG,BANDAR LAMPUNG,,1871,False,
LAMPUNG_LAMPUNG_BARAT,247,LAMPUNG,LAMPUNG BARAT,,1804,False,
LAMPUNG_LAMPUNG_SELATAN,248,LAMPUNG,LAMPUNG SELATAN,,1801,False,
LAMPUNG_LAMPUNG_TENGAH,249,LAMPUNG,LAMPUNG TENGAH,,1802,False,
LAMPUNG_LAMPUNG_TIMUR,250,LAMPUNG,LAMPUNG TIMUR,,1807,False,
LAMPUNG_LAMPUNG_UTARA,251,LAMPUNG,LAMPUNG UTARA,,1803,False,
LAMPUNG_METRO,252,LAMPUNG,METRO,,1872,False,
LAMPUNG_TANGGAMUS,253,LAMPUNG,TANGGAMUS,,1806,False,
LAMPUNG_TULANG_BAWANG,254,LAMPUNG,TULANG BAWANG,,1805,False,
LAMPUNG_WAY_KANAN,255,LAMPUNG,WAY KANAN,,1808,False,
MALUKU_AMBON,256,MALUKU,AMBON,,8171,False,
MALUKU_BURU,257,MALUKU,BURU,,8104,False,
MALUKU_MALUKU_TENGAH,258,MALUKU,MALUKU TENGAH,,8101,False,
MALUKU_MALUKU_TENGGARA,259,MALUKU,MALUKU TENGGARA,,8102,False,
MALUKU_MALUKU_TENGGARA_BARAT,260,MALUKU,MALUKU TENGGARA BARAT,,8103,False,
MALUKU_UTARA_HALMAHERA_BARAT,261,MALUKU UTARA,HALMAHERA BARAT,,8201,False,
MALUKU_UTARA_HALMAHERA_TENGAH,262,MALUKU UTARA,HALMAHERA TENGAH,,8202,True,appears under >1 province historically (pre/post province split); province_canonical verified against bps_code_reference.csv province-code prefix on 2026-09-17
MALUKU_UTARA_MALUKU_UTARA,263,MALUKU UTARA,MALUKU UTARA,,8201,True,appears under >1 province historically (pre/post province split); province_canonical verified against bps_code_reference.csv province-code prefix on 2026-09-17; old Kab. Maluku Utara pre-province (1999); 8201=Halmahera Barat is designated successor
MALUKU_UTARA_TERNATE,264,MALUKU UTARA,TERNATE,,8271,False,
NUSA_TENGGARA_BARAT_BIMA_KAB,265,NUSA TENGGARA BARAT,BIMA,kabupaten,5206,False,
NUSA_TENGGARA_BARAT_BIMA_KOTA,266,NUSA TENGGARA BARAT,BIMA,kota,5272,False,
NUSA_TENGGARA_BARAT_DOMPU,267,NUSA TENGGARA BARAT,DOMPU,,5205,False,
NUSA_TENGGARA_BARAT_LOMBOK_BARAT,268,NUSA TENGGARA BARAT,LOMBOK BARAT,,5201,False,
NUSA_TENGGARA_BARAT_LOMBOK_TENGAH,269,NUSA TENGGARA BARAT,LOMBOK TENGAH,,5202,False,
NUSA_TENGGARA_BARAT_LOMBOK_TIMUR,270,NUSA TENGGARA BARAT,LOMBOK TIMUR,,5203,False,
NUSA_TENGGARA_BARAT_MATARAM,271,NUSA TENGGARA BARAT,MATARAM,,5271,False,
NUSA_TENGGARA_BARAT_SUMBAWA,272,NUSA TENGGARA BARAT,SUMBAWA,,5204,False,
NUSA_TENGGARA_TIMUR_ALOR,273,NUSA TENGGARA TIMUR,ALOR,,5307,False,
NUSA_TENGGARA_TIMUR_BELU,274,NUSA TENGGARA TIMUR,BELU,,5306,False,
NUSA_TENGGARA_TIMUR_ENDE,275,NUSA TENGGARA TIMUR,ENDE,,5311,False,
NUSA_TENGGARA_TIMUR_FLORES_TIMUR,276,NUSA TENGGARA TIMUR,FLORES TIMUR,,5309,False,
NUSA_TENGGARA_TIMUR_KUPANG_KAB,277,NUSA TENGGARA TIMUR,KUPANG,kabupaten,5303,False,
NUSA_TENGGARA_TIMUR_KUPANG_KOTA,278,NUSA TENGGARA TIMUR,KUPANG,kota,5371,False,
NUSA_TENGGARA_TIMUR_LEMBATA,279,NUSA TENGGARA TIMUR,LEMBATA,,5308,False,
NUSA_TENGGARA_TIMUR_MANGGARAI,280,NUSA TENGGARA TIMUR,MANGGARAI,,5313,False,
NUSA_TENGGARA_TIMUR_NGADA,281,NUSA TENGGARA TIMUR,NGADA,,5320,False,
NUSA_TENGGARA_TIMUR_ROTE_NDAO,282,NUSA TENGGARA TIMUR,ROTE NDAO,,5314,False,
NUSA_TENGGARA_TIMUR_SIKKA,283,NUSA TENGGARA TIMUR,SIKKA,,5310,False,
NUSA_TENGGARA_TIMUR_SUMBA_BARAT,284,NUSA TENGGARA TIMUR,SUMBA BARAT,,5301,False,
NUSA_TENGGARA_TIMUR_SUMBA_TIMUR,286,NUSA TENGGARA TIMUR,SUMBA TIMUR,,5302,False,
NUSA_TENGGARA_TIMUR_TIMOR_TENGAH_SELATAN,287,NUSA TENGGARA TIMUR,TIMOR TENGAH SELATAN,,5304,False,
NUSA_TENGGARA_TIMUR_TIMOR_TENGAH_UTARA,288,NUSA TENGGARA TIMUR,TIMOR TENGAH UTARA,,5305,False,
PAPUA_ASMAT,289,PAPUA,ASMAT,,9415,False,
PAPUA_BIAK_NUMFOR,290,PAPUA,BIAK NUMFOR,,9409,False,
PAPUA_BIAK_NUMPOR,291,PAPUA,BIAK NUMPOR,,9409,False,typo in panel; official BPS name = Biak Numfor
PAPUA_BOVEN_DIGOEL,292,PAPUA,BOVEN DIGOEL,,9413,False,
PAPUA_JAYAPURA_KAB,293,PAPUA,JAYAPURA,kabupaten,9403,False,
PAPUA_JAYAPURA_KOTA,294,PAPUA,JAYAPURA,kota,9471,False,
PAPUA_JAYAWIJAYA,295,PAPUA,JAYAWIJAYA,,9402,False,
PAPUA_KEEROM,296,PAPUA,KEEROM,,9420,False,
PAPUA_MAPPI,298,PAPUA,MAPPI,,9414,False,
PAPUA_MERAUKE,299,PAPUA,MERAUKE,,9401,False,
PAPUA_MIMIKA,300,PAPUA,MIMIKA,,9412,False,
PAPUA_NABIRE,301,PAPUA,NABIRE,,9404,False,
PAPUA_PANIAI,302,PAPUA,PANIAI,,9410,False,
PAPUA_PEGUNUNGAN_BINTANG,303,PAPUA,PEGUNUNGAN BINTANG,,9417,False,
PAPUA_PUNCAK_JAYA,304,PAPUA,PUNCAK JAYA,,9411,False,
PAPUA_SARMI,305,PAPUA,SARMI,,9419,False,
PAPUA_TOLIKARA,306,PAPUA,TOLIKARA,,9418,False,
PAPUA_WAROPEN,307,PAPUA,WAROPEN,,9421,False,
PAPUA_YAHUKIMO,308,PAPUA,YAHUKIMO,,9416,False,
PAPUA_YAPEN_WAROPEN,309,PAPUA,YAPEN WAROPEN,,9408,False,pre-split parent; renamed Kepulauan Yapen 2008; same code 9408
PAPUA_BARAT_FAKFAK,310,PAPUA BARAT,FAK-FAK,,9101,True,appears under >1 province historically (pre/post province split); province_canonical verified against bps_code_reference.csv province-code prefix on 2026-09-17
PAPUA_BARAT_KAIMANA,311,PAPUA BARAT,KAIMANA,,9102,True,appears under >1 province historically (pre/post province split); province_canonical verified against bps_code_reference.csv province-code prefix on 2026-09-17
PAPUA_BARAT_MANOKWARI,312,PAPUA BARAT,MANOKWARI,,9105,True,appears under >1 province historically (pre/post province split); province_canonical verified against bps_code_reference.csv province-code prefix on 2026-09-17
PAPUA_BARAT_RAJA_AMPAT,313,PAPUA BARAT,RAJA AMPAT,,9108,True,appears under >1 province historically (pre/post province split); province_canonical verified against bps_code_reference.csv province-code prefix on 2026-09-17
PAPUA_BARAT_SORONG_KAB,314,PAPUA BARAT,SORONG,kabupaten,9107,True,appears under >1 province historically (pre/post province split); province_canonical verified against bps_code_reference.csv province-code prefix on 2026-09-17
PAPUA_BARAT_SORONG_KOTA,315,PAPUA BARAT,SORONG,kota,9171,True,appears under >1 province historically (pre/post province split); province_canonical verified against bps_code_reference.csv province-code prefix on 2026-09-17
PAPUA_BARAT_SORONG_SELATAN,316,PAPUA BARAT,SORONG SELATAN,,9106,True,appears under >1 province historically (pre/post province split); province_canonical verified against bps_code_reference.csv province-code prefix on 2026-09-17
PAPUA_BARAT_TELUK_BINTUNI,317,PAPUA BARAT,TELUK BINTUNI,,9104,True,appears under >1 province historically (pre/post province split); province_canonical verified against bps_code_reference.csv province-code prefix on 2026-09-17
PAPUA_BARAT_TELUK_WONDAMA,318,PAPUA BARAT,TELUK WONDAMA,,9103,True,appears under >1 province historically (pre/post province split); province_canonical verified against bps_code_reference.csv province-code prefix on 2026-09-17
RIAU_BENGKALIS,319,RIAU,BENGKALIS,,1408,False,
RIAU_DUMAI,320,RIAU,DUMAI,,1473,False,
RIAU_INDRAGIRI_HILIR,321,RIAU,INDRAGIRI HILIR,,1403,False,
RIAU_INDRAGIRI_HULU,322,RIAU,INDRAGIRI HULU,,1402,False,
RIAU_KAMPAR,323,RIAU,KAMPAR,,1406,False,
RIAU_KEPULAUAN_RIAU,324,RIAU,KEPULAUAN RIAU,,2102,False,"historical pre-1999 kab; code chain: 1403 (pre-1999 Riau scheme, 1990 census) → 1410 (2000-census Riau renumbering) → 2002 (Kepri province code 20, ~2002) → 2102 (Kepri province code 21, 2006, as Bintan); assigned 2102 as current-successor code per project policy; sources: World Bank Microdata catalog #1055 (1990 census DDI), Statoids yid.html"
RIAU_KUANTAN_SINGINGI,325,RIAU,KUANTAN SINGINGI,,1401,False,
RIAU_PEKAN_BARU,327,RIAU,PEKAN BARU,,1471,False,
RIAU_PELALAWAN,329,RIAU,PELALAWAN,,1404,False,
RIAU_ROKAN_HILIR,330,RIAU,ROKAN HILIR,,1409,False,
RIAU_ROKAN_HULU,331,RIAU,ROKAN HULU,,1407,False,
RIAU_SIAK,332,RIAU,SIAK,,1405,False,
SULAWESI_BARAT_MAJENE,333,SULAWESI BARAT,MAJENE,,7601,True,appears under >1 province historically (pre/post province split); province_canonical verified against bps_code_reference.csv province-code prefix on 2026-09-17
SULAWESI_BARAT_MAMASA,334,SULAWESI BARAT,MAMASA,,7603,True,appears under >1 province historically (pre/post province split); province_canonical verified against bps_code_reference.csv province-code prefix on 2026-09-17
SULAWESI_BARAT_MAMUJU,335,SULAWESI BARAT,MAMUJU,,7604,True,appears under >1 province historically (pre/post province split); province_canonical verified against bps_code_reference.csv province-code prefix on 2026-09-17
SULAWESI_BARAT_PASANG_KAYU,336,SULAWESI BARAT,PASANG KAYU,,7605,False,Mamuju Utara created 2003 from Mamuju; renamed Pasangkayu 2017; in Sulbar from 2004
SULAWESI_BARAT_POLEWALI_MANDAR,337,SULAWESI BARAT,POLEWALI MANDAR,,7602,False,
SULAWESI_SELATAN_BANTAENG,338,SULAWESI SELATAN,BANTAENG,,7303,False,
SULAWESI_SELATAN_BARRU,339,SULAWESI SELATAN,BARRU,,7310,False,
SULAWESI_SELATAN_BONE,340,SULAWESI SELATAN,BONE,,7311,False,
SULAWESI_SELATAN_BULUKUMBA,341,SULAWESI SELATAN,BULUKUMBA,,7302,False,
SULAWESI_SELATAN_ENREKANG,342,SULAWESI SELATAN,ENREKANG,,7316,False,
SULAWESI_SELATAN_GOWA,343,SULAWESI SELATAN,GOWA,,7306,False,
SULAWESI_SELATAN_JENEPONTO,344,SULAWESI SELATAN,JENEPONTO,,7304,False,
SULAWESI_SELATAN_LUWU,346,SULAWESI SELATAN,LUWU,,7317,False,
SULAWESI_SELATAN_LUWU_UTARA,347,SULAWESI SELATAN,LUWU UTARA,,7322,False,
SULAWESI_SELATAN_MAKASSAR,348,SULAWESI SELATAN,MAKASSAR,,7371,False,
SULAWESI_SELATAN_MAROS,349,SULAWESI SELATAN,MAROS,,7308,False,
SULAWESI_SELATAN_PALOPO,350,SULAWESI SELATAN,PALOPO,,7373,False,
SULAWESI_SELATAN_PANGKAJENE_DAN_KEPULAUAN,351,SULAWESI SELATAN,PANGKAJENE DAN KEPULAUAN,,7309,False,
SULAWESI_SELATAN_PANGKAJENE_KEPULAUAN,352,SULAWESI SELATAN,PANGKAJENE KEPULAUAN,,7309,False,DEPRECATED — same district as SULAWESI_SELATAN_PANGKAJENE_DAN_KEPULAUAN (351); all panel rows reassigned to 351 via name_corrections rename entry; official name Pangkajene dan Kepulauan; name mismatch; official BPS name: Pangkajene dan Kepulauan
SULAWESI_SELATAN_PAREPARE,353,SULAWESI SELATAN,PAREPARE,,7372,False,
SULAWESI_SELATAN_PINRANG,354,SULAWESI SELATAN,PINRANG,,7315,False,
SULAWESI_SELATAN_POLEWALI_MAMASA,355,SULAWESI SELATAN,POLEWALI MAMASA,,7602,False,renamed Polewali Mandar 2005; moved to Sulbar 2004; 76xx is current code
SULAWESI_SELATAN_SELAYAR,356,SULAWESI SELATAN,SELAYAR,,7301,False,name variant collapsed — add to name_corrections.csv; renamed Kepulauan Selayar 2008; same code
SULAWESI_SELATAN_SIDENRENG_RAPPANG,357,SULAWESI SELATAN,SIDENRENG RAPPANG,,7314,False,
SULAWESI_SELATAN_SINJAI,358,SULAWESI SELATAN,SINJAI,,7307,False,
SULAWESI_SELATAN_SOPPENG,359,SULAWESI SELATAN,SOPPENG,,7312,False,
SULAWESI_SELATAN_TAKALAR,360,SULAWESI SELATAN,TAKALAR,,7305,False,
SULAWESI_SELATAN_TANA_TORAJA,361,SULAWESI SELATAN,TANA TORAJA,,7318,False,
SULAWESI_SELATAN_UJUNG_PANDANG,362,SULAWESI SELATAN,UJUNG PANDANG,,7371,False,renamed Makassar 1999; same code
SULAWESI_SELATAN_WAJO,363,SULAWESI SELATAN,WAJO,,7313,False,
SULAWESI_TENGAH_BANGGAI,364,SULAWESI TENGAH,BANGGAI,,7202,False,
SULAWESI_TENGAH_BANGGAI_KEPULAUAN,365,SULAWESI TENGAH,BANGGAI KEPULAUAN,,7201,False,
SULAWESI_TENGAH_BUOL,366,SULAWESI TENGAH,BUOL,,7207,False,
SULAWESI_TENGAH_DONGGALA,367,SULAWESI TENGAH,DONGGALA,,7205,False,
SULAWESI_TENGAH_MOROWALI,368,SULAWESI TENGAH,MOROWALI,,7203,False,
SULAWESI_TENGAH_PALU,369,SULAWESI TENGAH,PALU,,7271,False,
SULAWESI_TENGAH_PARIGI_MOUTONG,370,SULAWESI TENGAH,PARIGI MOUTONG,,7208,False,
SULAWESI_TENGAH_POSO,371,SULAWESI TENGAH,POSO,,7204,False,
SULAWESI_TENGAH_TOLITOLI,372,SULAWESI TENGAH,TOLI-TOLI,,7206,False,
SULAWESI_TENGGARA_BUTON,373,SULAWESI TENGGARA,BUTON,,7404,False,
SULAWESI_TENGGARA_KENDARI,374,SULAWESI TENGGARA,KENDARI,kota,7471,False,"Kota Kendari; KAB/KOTA pair with alias row below — early publications list Kab. Kendari (renamed Konawe 2004) under the same base name"
SULAWESI_TENGGARA_KONAWE,376,SULAWESI TENGGARA,KENDARI,kabupaten,7402,False,"alias row: Kab. Kendari = pre-2004 name of Konawe (UU 6/2003); routes 1996-2003 kabupaten Kendari rows to KONAWE. Keep above the canonical KONAWE row (build_panel ref_map is last-wins)"
SULAWESI_TENGGARA_KOLAKA,375,SULAWESI TENGGARA,KOLAKA,,7401,False,
SULAWESI_TENGGARA_KONAWE,376,SULAWESI TENGGARA,KONAWE,,7402,False,
SULAWESI_TENGGARA_MUNA,377,SULAWESI TENGGARA,MUNA,,7403,False,
SULAWESI_UTARA_BITUNG,378,SULAWESI UTARA,BITUNG,,7172,False,
SULAWESI_UTARA_BOLAANG_MONGONDOW,380,SULAWESI UTARA,BOLAANG MONGONDOW,,7101,False,
SULAWESI_UTARA_KEPULAUAN_SANGIHE,381,SULAWESI UTARA,KEPULAUAN SANGIHE,,7103,False,
SULAWESI_UTARA_KEPULAUAN_TALAUD,382,SULAWESI UTARA,KEPULAUAN TALAUD,,7104,False,
SULAWESI_UTARA_KOTAMOBAGO,383,SULAWESI UTARA,KOTAMOBAGO,kota,7174,False,typo: KOTAMOBAGO → Kota Kotamobagu; created 2007 from Bolaang Mongondow
SULAWESI_UTARA_MANADO,384,SULAWESI UTARA,MANADO,,7171,False,
SULAWESI_UTARA_MINAHASA,385,SULAWESI UTARA,MINAHASA,,7102,False,
SULAWESI_UTARA_MINAHASA_SELATAN,386,SULAWESI UTARA,MINAHASA SELATAN,,7105,False,
SULAWESI_UTARA_SANGIHE_TALAUD,387,SULAWESI UTARA,SANGIHE TALAUD,,7103,False,pre-split parent; Kepulauan Sangihe retained 7103; Talaud got 7104
SULAWESI_UTARA_TOMOHON,388,SULAWESI UTARA,TOMOHON,,7173,False,
SUMATERA_BARAT_AGAM,389,SUMATERA BARAT,AGAM,,1307,False,
SUMATERA_BARAT_BUKITTINGGI,391,SUMATERA BARAT,BUKITTINGGI,,1375,False,
SUMATERA_BARAT_DHARMAS_RAYA,392,SUMATERA BARAT,DHARMAS RAYA,,1311,False,
SUMATERA_BARAT_KEPULAUAN_MENTAWAI,393,SUMATERA BARAT,KEPULAUAN MENTAWAI,,1301,False,
SUMATERA_BARAT_LIMA_PULUH_KOTA,394,SUMATERA BARAT,LIMA PULUH KOTA,,1308,False,
SUMATERA_BARAT_PADANG,396,SUMATERA BARAT,PADANG,,1371,False,
SUMATERA_BARAT_PADANG_PANJANG,397,SUMATERA BARAT,PADANG PANJANG,,1374,False,
SUMATERA_BARAT_PADANG_PARIAMAN,398,SUMATERA BARAT,PADANG PARIAMAN,,1306,False,
SUMATERA_BARAT_PARIAMAN,399,SUMATERA BARAT,PARIAMAN,,1377,False,
SUMATERA_BARAT_PASAMAN,400,SUMATERA BARAT,PASAMAN,,1309,False,
SUMATERA_BARAT_PAYAKUMBUH,401,SUMATERA BARAT,PAYAKUMBUH,,1376,False,
SUMATERA_BARAT_PESISIR_SELATAN,403,SUMATERA BARAT,PESISIR SELATAN,,1302,False,
SUMATERA_BARAT_SAWAH_LUNTO,404,SUMATERA BARAT,SAWAH LUNTO,,1373,False,
SUMATERA_BARAT_SAWAHLUNTOSIJUNJUNG,406,SUMATERA BARAT,SAWAHLUNTO/SIJUNJUNG,,1304,False,renamed Sijunjung 2008; same code
SUMATERA_BARAT_SIJUNJUNG,407,SUMATERA BARAT,SIJUNJUNG,,1304,False,
SUMATERA_BARAT_SOLOK_KAB,408,SUMATERA BARAT,SOLOK,kabupaten,1303,False,
SUMATERA_BARAT_SOLOK_KOTA,409,SUMATERA BARAT,SOLOK,kota,1372,False,
SUMATERA_BARAT_TANAH_DATAR,410,SUMATERA BARAT,TANAH DATAR,,1305,False,
SUMATERA_SELATAN_BANYUASIN,411,SUMATERA SELATAN,BANYUASIN,,1607,False,
SUMATERA_SELATAN_LAHAT,412,SUMATERA SELATAN,LAHAT,,1604,False,
SUMATERA_SELATAN_LUBUK_LINGGAU,413,SUMATERA SELATAN,LUBUK LINGGAU,,1674,False,
SUMATERA_SELATAN_MUARA_ENIM,414,SUMATERA SELATAN,MUARA ENIM,,1603,False,
SUMATERA_SELATAN_MUSI_BANYUASIN,415,SUMATERA SELATAN,MUSI BANYUASIN,,1606,False,
SUMATERA_SELATAN_MUSI_RAWAS,416,SUMATERA SELATAN,MUSI RAWAS,,1605,False,
SUMATERA_SELATAN_OGAN_KOMERING_ILIR,418,SUMATERA SELATAN,OGAN KOMERING ILIR,,1602,False,
SUMATERA_SELATAN_OGAN_KOMERING_ULU,419,SUMATERA SELATAN,OGAN KOMERING ULU,,1601,False,
SUMATERA_SELATAN_PAGAR_ALAM,420,SUMATERA SELATAN,PAGAR ALAM,,1673,False,
SUMATERA_SELATAN_PALEMBANG,421,SUMATERA SELATAN,PALEMBANG,,1671,False,
SUMATERA_SELATAN_PRABUMULIH,423,SUMATERA SELATAN,PRABUMULIH,,1672,False,
SUMATERA_UTARA_ASAHAN,424,SUMATERA UTARA,ASAHAN,,1209,False,
SUMATERA_UTARA_BINJAI,425,SUMATERA UTARA,BINJAI,,1276,False,
SUMATERA_UTARA_DAIRI,426,SUMATERA UTARA,DAIRI,,1211,False,
SUMATERA_UTARA_DELI_SERDANG,427,SUMATERA UTARA,DELI SERDANG,,1207,False,
SUMATERA_UTARA_KARO,428,SUMATERA UTARA,KARO,,1206,False,
SUMATERA_UTARA_LABUHAN_BATU,429,SUMATERA UTARA,LABUHAN BATU,,1210,False,
SUMATERA_UTARA_LANGKAT,430,SUMATERA UTARA,LANGKAT,,1205,False,
SUMATERA_UTARA_MANDAILING_NATAL,431,SUMATERA UTARA,MANDAILING NATAL,,1213,False,
SUMATERA_UTARA_MEDAN,432,SUMATERA UTARA,MEDAN,,1275,False,
SUMATERA_UTARA_NIAS,433,SUMATERA UTARA,NIAS,,1204,False,
SUMATERA_UTARA_PADANG_SIDEMPUAN,434,SUMATERA UTARA,PADANG SIDEMPUAN,,1277,False,typo: SIDEMPUAN → BPS Padangsidimpuan; Kota created 2001
SUMATERA_UTARA_PEMATANG_SIANTAR,436,SUMATERA UTARA,PEMATANG SIANTAR,,1273,False,
SUMATERA_UTARA_SIBOLGA,437,SUMATERA UTARA,SIBOLGA,,1271,False,
SUMATERA_UTARA_SIMALUNGUN,438,SUMATERA UTARA,SIMALUNGUN,,1208,False,
SUMATERA_UTARA_TANJUNG_BALAI,439,SUMATERA UTARA,TANJUNG BALAI,,1272,False,
SUMATERA_UTARA_TAPANULI_SELATAN,440,SUMATERA UTARA,TAPANULI SELATAN,,1203,False,
SUMATERA_UTARA_TAPANULI_TENGAH,441,SUMATERA UTARA,TAPANULI TENGAH,,1201,False,
SUMATERA_UTARA_TAPANULI_UTARA,442,SUMATERA UTARA,TAPANULI UTARA,,1202,False,
SUMATERA_UTARA_TEBING_TINGGI,443,SUMATERA UTARA,TEBING TINGGI,,1274,False,
SUMATERA_UTARA_TOBA_SAMOSIR,444,SUMATERA UTARA,TOBA SAMOSIR,,1212,False,
ACEH_LHOKSEUMAWE,445,ACEH,LHOKSEUMAWE,,1174,False,
SULAWESI_TENGGARA_BAUBAU,446,SULAWESI TENGGARA,BAUBAU,,7472,False,
JAWA_BARAT_BANJAR,447,JAWA BARAT,BANJAR,,3279,False,
