child_name_raw,child_base,parent_name_raw,parent_base,parent_base_2000,province,year,law_number,date_raw,in_standardized,parent_in_standardized,notes
Kota Langsa,LANGSA,Kabupaten Aceh Timur,ACEH TIMUR,ACEH TIMUR,ACEH,2001,UU Nomor 3 Tahun 2001,21 Juni 2001,True,True,
Kota Lhokseumawe,LHOKSEUMAWE,Kabupaten Aceh Utara,ACEH UTARA,ACEH UTARA,ACEH,2001,UU Nomor 2 Tahun 2001,21 Juni 2001,True,True,
Kabupaten Aceh Barat Daya,ACEH BARAT DAYA,Kabupaten Aceh Selatan,ACEH SELATAN,ACEH SELATAN,ACEH,2002,UU Nomor 4 Tahun 2002,10 April 2002,True,True,
Kabupaten Aceh Jaya,ACEH JAYA,Kabupaten Aceh Barat,ACEH BARAT,ACEH BARAT,ACEH,2002,UU Nomor 4 Tahun 2002,10 April 2002,True,True,
Kabupaten Aceh Tamiang,ACEH TAMIANG,Kabupaten Aceh Timur,ACEH TIMUR,ACEH TIMUR,ACEH,2002,UU Nomor 4 Tahun 2002,10 April 2002,True,True,
Kabupaten Gayo Lues,GAYO LUES,Kabupaten Aceh Tenggara,ACEH TENGGARA,ACEH TENGGARA,ACEH,2002,UU Nomor 4 Tahun 2002,10 April 2002,True,True,
Kabupaten Nagan Raya,NAGAN RAYA,Kabupaten Aceh Barat,ACEH BARAT,ACEH BARAT,ACEH,2002,UU Nomor 4 Tahun 2002,10 April 2002,True,True,
Kabupaten Bener Meriah,BENER MERIAH,Kabupaten Aceh Tengah,ACEH TENGAH,ACEH TENGAH,ACEH,2003,UU Nomor 41 Tahun 2003,18 Desember 2003,True,True,
Kabupaten Pidie Jaya,PIDIE JAYA,Kabupaten Pidie,PIDIE,PIDIE,ACEH,2007,UU Nomor 7 Tahun 2007,2 Januari 2007,True,True,
Kota Subulussalam,SUBULUSSALAM,Kabupaten Aceh Singkil,ACEH SINGKIL,ACEH SINGKIL,ACEH,2007,UU Nomor 8 Tahun 2007,2 Januari 2007,True,True,
Kota Serang,SERANG,Kabupaten Serang,SERANG,SERANG,BANTEN,2007,UU Nomor 32 Tahun 2007,14 Agustus 2007,True,True,
Kota Tangerang Selatan,TANGERANG SELATAN,Kabupaten Tangerang,TANGERANG,TANGERANG,BANTEN,2008,UU Nomor 51 Tahun 2008,26 November 2008,True,True,
Kabupaten Kaur,KAUR,Kabupaten Bengkulu Selatan,BENGKULU SELATAN,BENGKULU SELATAN,BENGKULU,2003,UU Nomor 3 Tahun 2003,25 Februari 2003,True,True,
Kabupaten Kepahiang,KEPAHIANG,Kabupaten Rejang Lebong,REJANG LEBONG,REJANG LEBONG,BENGKULU,2003,UU Nomor 39 Tahun 2003,18 Desember 2003,True,True,
Kabupaten Lebong,LEBONG,Kabupaten Rejang Lebong,REJANG LEBONG,REJANG LEBONG,BENGKULU,2003,UU Nomor 39 Tahun 2003,18 Desember 2003,True,True,
Kabupaten Muko-Muko,MUKO-MUKO,Kabupaten Bengkulu Utara,BENGKULU UTARA,BENGKULU UTARA,BENGKULU,2003,UU Nomor 3 Tahun 2003,25 Februari 2003,True,True,
Kabupaten Seluma,SELUMA,Kabupaten Bengkulu Selatan,BENGKULU SELATAN,BENGKULU SELATAN,BENGKULU,2003,UU Nomor 3 Tahun 2003,25 Februari 2003,True,True,
Kabupaten Bengkulu Tengah,BENGKULU TENGAH,Kabupaten Bengkulu Utara,BENGKULU UTARA,BENGKULU UTARA,BENGKULU,2008,UU Nomor 24 Tahun 2008,21 Juli 2008,True,True,
Kabupaten Bone Bolango,BONE BOLANGO,Kabupaten Gorontalo,GORONTALO,GORONTALO,GORONTALO,2003,UU Nomor 6 Tahun 2003,25 Februari 2003,True,True,
Kabupaten Pohuwato,POHUWATO,Kabupaten Boalemo,BOALEMO,BOALEMO,GORONTALO,2003,UU Nomor 6 Tahun 2003,25 Februari 2003,True,True,
Kabupaten Gorontalo Utara,GORONTALO UTARA,Kabupaten Gorontalo,GORONTALO,GORONTALO,GORONTALO,2007,UU Nomor 11 Tahun 2007,2 Januari 2007,True,True,
Kota Sungai Penuh,SUNGAI PENUH,Kabupaten Kerinci,KERINCI,KERINCI,JAMBI,2008,UU Nomor 25 Tahun 2008,21 Juli 2008,True,True,
Kota Cimahi,CIMAHI,Kabupaten Bandung,BANDUNG,BANDUNG,JAWA BARAT,2001,UU Nomor 9 Tahun 2001,21 Juni 2001,True,True,
Kota Tasikmalaya,TASIKMALAYA,Kabupaten Tasikmalaya,TASIKMALAYA,TASIKMALAYA,JAWA BARAT,2001,UU Nomor 10 Tahun 2001,21 Juni 2001,True,True,
Kota Banjar,BANJAR,Kabupaten Ciamis,CIAMIS,CIAMIS,JAWA BARAT,2002,UU Nomor 27 Tahun 2002,25 Oktober 2002,True,True,
Kabupaten Bandung Barat,BANDUNG BARAT,Kabupaten Bandung,BANDUNG,BANDUNG,JAWA BARAT,2007,UU Nomor 12 Tahun 2007,2 Januari 2007,True,True,
Kabupaten Pangandaran,PANGANDARAN,Kabupaten Ciamis,CIAMIS,CIAMIS,JAWA BARAT,2012,UU Nomor 21 Tahun 2012,17 November 2012,True,True,
Kota Batu,BATU,Kabupaten Malang,MALANG,MALANG,JAWA TIMUR,2001,UU Nomor 11 Tahun 2001,21 Juni 2001,True,True,
Kota Singkawang,SINGKAWANG,Kabupaten Bengkayang,BENGKAYANG,BENGKAYANG,KALIMANTAN BARAT,2001,UU Nomor 12 Tahun 2001,21 Juni 2001,True,True,
Kabupaten Melawi,MELAWI,Kabupaten Sintang,SINTANG,SINTANG,KALIMANTAN BARAT,2003,UU Nomor 34 Tahun 2003,18 Desember 2003,True,True,
Kabupaten Sekadau,SEKADAU,Kabupaten Sanggau,SANGGAU,SANGGAU,KALIMANTAN BARAT,2003,UU Nomor 34 Tahun 2003,18 Desember 2003,True,True,
Kabupaten Kayong Utara,KAYONG UTARA,Kabupaten Ketapang,KETAPANG,KETAPANG,KALIMANTAN BARAT,2007,UU Nomor 6 Tahun 2007,2 Januari 2007,True,True,
Kabupaten Kubu Raya,KUBU RAYA,Kabupaten Pontianak,PONTIANAK,PONTIANAK,KALIMANTAN BARAT,2007,UU Nomor 35 Tahun 2007,14 Agustus 2007,True,True,
Kabupaten Balangan,BALANGAN,Kabupaten Hulu Sungai Utara,HULU SUNGAI UTARA,HULU SUNGAI UTARA,KALIMANTAN SELATAN,2003,UU Nomor 2 Tahun 2003,25 Februari 2003,True,True,
Kabupaten Tanah Bumbu,TANAH BUMBU,Kabupaten Kotabaru,KOTABARU,KOTABARU,KALIMANTAN SELATAN,2003,UU Nomor 2 Tahun 2003,25 Februari 2003,True,True,
Kabupaten Barito Timur,BARITO TIMUR,Kabupaten Barito Selatan,BARITO SELATAN,BARITO SELATAN,KALIMANTAN TENGAH,2002,UU Nomor 5 Tahun 2002,10 April 2002,True,True,
Kabupaten Gunung Mas,GUNUNG MAS,Kabupaten Kapuas,KAPUAS,KAPUAS,KALIMANTAN TENGAH,2002,UU Nomor 5 Tahun 2002,10 April 2002,True,True,
Kabupaten Katingan,KATINGAN,Kabupaten Kotawaringin Timur,KOTAWARINGIN TIMUR,KOTAWARINGIN TIMUR,KALIMANTAN TENGAH,2002,UU Nomor 5 Tahun 2002,10 April 2002,True,True,
Kabupaten Lamandau,LAMANDAU,Kabupaten Kotawaringin Barat,KOTAWARINGIN BARAT,KOTAWARINGIN BARAT,KALIMANTAN TENGAH,2002,UU Nomor 5 Tahun 2002,10 April 2002,True,True,
Kabupaten Murung Raya,MURUNG RAYA,Kabupaten Barito Utara,BARITO UTARA,BARITO UTARA,KALIMANTAN TENGAH,2002,UU Nomor 5 Tahun 2002,10 April 2002,True,True,
Kabupaten Pulang Pisau,PULANG PISAU,Kabupaten Kapuas,KAPUAS,KAPUAS,KALIMANTAN TENGAH,2002,UU Nomor 5 Tahun 2002,10 April 2002,True,True,
Kabupaten Seruyan,SERUYAN,Kabupaten Kotawaringin Timur,KOTAWARINGIN TIMUR,KOTAWARINGIN TIMUR,KALIMANTAN TENGAH,2002,UU Nomor 5 Tahun 2002,10 April 2002,True,True,
Kabupaten Sukamara,SUKAMARA,Kabupaten Kotawaringin Barat,KOTAWARINGIN BARAT,KOTAWARINGIN BARAT,KALIMANTAN TENGAH,2002,UU Nomor 5 Tahun 2002,10 April 2002,True,True,
Kabupaten Penajam Paser Utara,PENAJAM PASER UTARA,Kabupaten Paser,PASER,PASER,KALIMANTAN TIMUR,2002,UU Nomor 7 Tahun 2002,10 April 2002,True,True,
Kabupaten Mahakam Ulu,MAHAKAM ULU,Kabupaten Kutai Barat,KUTAI BARAT,KUTAI BARAT,KALIMANTAN TIMUR,2013,UU Nomor 2 Tahun 2013,11 Januari 2013,True,True,
Kabupaten Tana Tidung,TANA TIDUNG,Kabupaten Bulungan,BULUNGAN,BULUNGAN,KALIMANTAN TIMUR,2007,UU Nomor 34 Tahun 2007,14 Agustus 2007,True,True,
Kabupaten Bangka Barat,BANGKA BARAT,Kabupaten Bangka,BANGKA,BANGKA,KEPULAUAN BANGKA BELITUNG,2003,UU Nomor 5 Tahun 2003,25 Februari 2003,True,True,
Kabupaten Bangka Selatan,BANGKA SELATAN,Kabupaten Bangka,BANGKA,BANGKA,KEPULAUAN BANGKA BELITUNG,2003,UU Nomor 5 Tahun 2003,25 Februari 2003,True,True,
Kabupaten Bangka Tengah,BANGKA TENGAH,Kabupaten Bangka,BANGKA,BANGKA,KEPULAUAN BANGKA BELITUNG,2003,UU Nomor 5 Tahun 2003,25 Februari 2003,True,True,
Kabupaten Belitung Timur,BELITUNG TIMUR,Kabupaten Belitung,BELITUNG,BELITUNG,KEPULAUAN BANGKA BELITUNG,2003,UU Nomor 5 Tahun 2003,25 Februari 2003,True,True,
Kota Tanjung Pinang,TANJUNG PINANG,Kabupaten Bintan,BINTAN,BINTAN,KEPULAUAN RIAU,2001,UU Nomor 5 Tahun 2001,21 Juni 2001,True,True,
Kabupaten Lingga,LINGGA,Kabupaten Bintan,BINTAN,BINTAN,KEPULAUAN RIAU,2003,UU Nomor 31 Tahun 2003,18 Desember 2003,True,True,
Kabupaten Kepulauan Anambas,KEP. ANAMBAS,Kabupaten Natuna,NATUNA,NATUNA,KEPULAUAN RIAU,2008,UU Nomor 33 Tahun 2008,21 Juli 2008,True,True,
Kabupaten Pesawaran,PESAWARAN,Kabupaten Lampung Selatan,LAMPUNG SELATAN,LAMPUNG SELATAN,LAMPUNG,2007,UU Nomor 33 Tahun 2007,14 Agustus 2007,True,True,
Kabupaten Mesuji,MESUJI,Kabupaten Tulangbawang,TULANG BAWANG,TULANG BAWANG,LAMPUNG,2008,UU Nomor 49 Tahun 2008,26 November 2008,True,True,
Kabupaten Pringsewu,PRINGSEWU,Kabupaten Tanggamus,TANGGAMUS,TANGGAMUS,LAMPUNG,2008,UU Nomor 48 Tahun 2008,26 November 2008,True,True,
Kabupaten Tulangbawang Barat,TULANG BAWANG BARAT,Kabupaten Tulangbawang,TULANG BAWANG,TULANG BAWANG,LAMPUNG,2008,UU Nomor 50 Tahun 2008,26 November 2008,True,True,
Kabupaten Pesisir Barat,PESISIR BARAT,Kabupaten Lampung Barat,LAMPUNG BARAT,LAMPUNG BARAT,LAMPUNG,2012,UU Nomor 22 Tahun 2012,17 November 2012,True,True,
Kabupaten Kepulauan Aru,KEPULAUAN ARU,Kabupaten Maluku Tenggara,MALUKU TENGGARA,MALUKU TENGGARA,MALUKU,2003,UU Nomor 40 Tahun 2003,18 Desember 2003,True,True,
Kabupaten Seram Bagian Barat,SERAM BAGIAN BARAT,Kabupaten Maluku Tengah,MALUKU TENGAH,MALUKU TENGAH,MALUKU,2003,UU Nomor 40 Tahun 2003,18 Desember 2003,True,True,
Kabupaten Seram Bagian Timur,SERAM BAGIAN TIMUR,Kabupaten Maluku Tengah,MALUKU TENGAH,MALUKU TENGAH,MALUKU,2003,UU Nomor 40 Tahun 2003,18 Desember 2003,True,True,
Kota Tual,TUAL,Kabupaten Maluku Tenggara,MALUKU TENGGARA,MALUKU TENGGARA,MALUKU,2007,UU Nomor 31 Tahun 2007,14 Agustus 2007,True,True,
Kabupaten Buru Selatan,BURU SELATAN,Kabupaten Buru,BURU,BURU,MALUKU,2008,UU Nomor 32 Tahun 2008,21 Juli 2008,True,True,
Kabupaten Maluku Barat Daya,MALUKU BARAT DAYA,Kabupaten Maluku Tenggara Barat,MALUKU TENGGARA BARAT,MALUKU TENGGARA BARAT,MALUKU,2008,UU Nomor 31 Tahun 2008,21 Juli 2008,True,True,
Kabupaten Halmahera Selatan,HALMAHERA SELATAN,Kabupaten Halmahera Barat,HALMAHERA BARAT,HALMAHERA BARAT,MALUKU UTARA,2003,UU Nomor 1 Tahun 2003,25 Februari 2003,True,True,
Kabupaten Halmahera Timur,HALMAHERA TIMUR,Kabupaten Halmehera Tengah,HALMAHERA TENGAH,HALMAHERA TENGAH,MALUKU UTARA,2003,UU Nomor 1 Tahun 2003,25 Februari 2003,True,True,
Kabupaten Halmahera Utara,HALMAHERA UTARA,Kabupaten Halmahera Barat,HALMAHERA BARAT,HALMAHERA BARAT,MALUKU UTARA,2003,UU Nomor 1 Tahun 2003,25 Februari 2003,True,True,
Kabupaten Kepulauan Sula,KEPULAUAN SULA,Kabupaten Halmahera Barat,HALMAHERA BARAT,HALMAHERA BARAT,MALUKU UTARA,2003,UU Nomor 1 Tahun 2003,25 Februari 2003,True,True,
Kota Tidore Kepulauan,TIDORE KEPULAUAN,Kabupaten Halmahera Tengah,HALMAHERA TENGAH,HALMAHERA TENGAH,MALUKU UTARA,2003,UU Nomor 1 Tahun 2003,25 Februari 2003,True,True,
Kabupaten Pulau Morotai,PULAU MOROTAI,Kabupaten Halmahera Utara,HALMAHERA UTARA,HALMAHERA BARAT,MALUKU UTARA,2008,UU Nomor 53 Tahun 2008,26 November 2008,True,True,
Kabupaten Pulau Taliabu,PULAU TALIABU,Kabupaten Kepulauan Sula,KEPULAUAN SULA,HALMAHERA BARAT,MALUKU UTARA,2013,UU Nomor 6 Tahun 2013,11 Januari 2013,True,True,
Kota Bima,BIMA,Kabupaten Bima,BIMA,BIMA,NUSA TENGGARA BARAT,2002,UU Nomor 13 tahun 2002,10 April 2002,True,True,
Kabupaten Sumbawa Barat,SUMBAWA BARAT,Kabupaten Sumbawa,SUMBAWA,SUMBAWA,NUSA TENGGARA BARAT,2003,UU Nomor 30 Tahun 2003,18 Desember 2003,True,True,
Kabupaten Lombok Utara,LOMBOK UTARA,Kabupaten Lombok Barat,LOMBOK BARAT,LOMBOK BARAT,NUSA TENGGARA BARAT,2008,UU Nomor 26 Tahun 2008,21 Juli 2008,True,True,
Kabupaten Rote Ndao,ROTE NDAO,Kabupaten Kupang,KUPANG,KUPANG,NUSA TENGGARA TIMUR,2002,UU Nomor 9 Tahun 2002,10 April 2002,True,True,
Kabupaten Manggarai Barat,MANGGARAI BARAT,Kabupaten Manggarai,MANGGARAI,MANGGARAI,NUSA TENGGARA TIMUR,2003,UU Nomor 8 Tahun 2003,25 Februari 2003,True,True,
Kabupaten Manggarai Timur,MANGGARAI TIMUR,Kabupaten Manggarai,MANGGARAI,MANGGARAI,NUSA TENGGARA TIMUR,2007,UU Nomor 36 Tahun 2007,14 Agustus 2007,True,True,
Kabupaten Nagekeo,NAGEKEO,Kabupaten Ngada,NGADA,NGADA,NUSA TENGGARA TIMUR,2007,UU Nomor 2 Tahun 2007,2 Januari 2007,True,True,
Kabupaten Sumba Barat Daya,SUMBA BARAT DAYA,Kabupaten Sumba Barat,SUMBA BARAT,SUMBA BARAT,NUSA TENGGARA TIMUR,2007,UU Nomor 16 Tahun 2007,2 Januari 2007,True,True,
Kabupaten Sumba Tengah,SUMBA TENGAH,Kabupaten Sumba Barat,SUMBA BARAT,SUMBA BARAT,NUSA TENGGARA TIMUR,2007,UU Nomor 3 Tahun 2007,2 Januari 2007,True,True,parent_name_raw and parent_base corrected from self-referential SUMBA TENGAH to SUMBA BARAT (confirmed via parent_base_2000 field); original bug: both fields read Kabupaten Sumba Tengah
Kabupaten Sabu Raijua,SABU RAIJUA,Kabupaten Kupang,KUPANG,KUPANG,NUSA TENGGARA TIMUR,2008,UU Nomor 52 Tahun 2008,26 Nov 2008,True,True,
Kabupaten Malaka,MALAKA,Kabupaten Belu,BELU,BELU,NUSA TENGGARA TIMUR,2013,UU Nomor 3 Tahun 2013,11 Januari 2013,True,True,
Kabupaten Keerom,KEEROM,Kabupaten Jayapura,JAYAPURA,JAYAPURA,PAPUA,2002,UU Nomor 26 Tahun 2002,25 Oktober 2002,True,True,date_raw=25 Oktober 2002 may be incorrect; UU 26/2002 has one promulgation date — verify against peraturan.go.id
Kabupaten Sarmi,SARMI,Kabupaten Jayapura,JAYAPURA,JAYAPURA,PAPUA,2002,UU Nomor 26 Tahun 2002,25 Oktober 2002,True,True,date_raw=25 Oktober 2002 may be incorrect; UU 26/2002 has one promulgation date — verify against peraturan.go.id
Kabupaten Waropen,WAROPEN,Kabupaten Yapen Waropen,YAPEN WAROPEN,YAPEN WAROPEN,PAPUA,2002,UU Nomor 26 Tahun 2002,25 Oktober 2002,True,True,date_raw=25 Oktober 2002 may be incorrect; UU 26/2002 has one promulgation date — verify against peraturan.go.id
Kabupaten Supiori,SUPIORI,Kabupaten Biak Numfor,BIAK NUMFOR,BIAK NUMFOR,PAPUA,2003,UU Nomor 35 Tahun 2003,18 Desember 2003,True,True,
Kabupaten Mamberamo Raya,MAMBERAMO RAYA,Kabupaten Sarmi,SARMI,JAYAPURA,PAPUA,2007,UU Nomor 19 Tahun 2007,15 Maret 2007,True,True,
Kabupaten Kaimana,KAIMANA,Kabupaten Fak Fak,FAK-FAK,FAK-FAK,PAPUA BARAT,2002,UU Nomor 26 Tahun 2002,11 Desember 2002,True,True,
Kabupaten Teluk Bintuni,TELUK BINTUNI,Kabupaten Manokwari,MANOKWARI,MANOKWARI,PAPUA BARAT,2002,UU Nomor 26 Tahun 2002,11 Desember 2002,True,True,
Kabupaten Teluk Wondama,TELUK WONDAMA,Kabupaten Manokwari,MANOKWARI,MANOKWARI,PAPUA BARAT,2002,UU Nomor 26 Tahun 2002,11 Desember 2002,True,True,
Kabupaten Manokwari Selatan,MANOKWARI SELATAN,Kabupaten Manokwari,MANOKWARI,MANOKWARI,PAPUA BARAT,2012,UU Nomor 23 Tahun 2012,17 November 2012,True,True,
Kabupaten Pegunungan Arfak,PEGUNUNGAN ARFAK,Kabupaten Manokwari,MANOKWARI,MANOKWARI,PAPUA BARAT,2012,UU Nomor 24 Tahun 2012,17 November 2012,True,True,
Kabupaten Raja Ampat,RAJA AMPAT,Kabupaten Sorong,SORONG,SORONG,PAPUA BARAT,2002,UU Nomor 26 Tahun 2002,11 Desember 2002,True,True,
Kabupaten Sorong Selatan,SORONG SELATAN,Kabupaten Sorong,SORONG,SORONG,PAPUA BARAT,2002,UU Nomor 26 Tahun 2002,11 Desember 2002,True,True,
Kabupaten Tambrauw,TAMBRAUW,Kabupaten Sorong & Manokwari,SORONG,SORONG,PAPUA BARAT,2008,UU Nomor 56 Tahun 2008,26 November 2008,True,True,Territory split from BOTH Sorong AND Manokwari (UU 56/2008 names both); parent_base=SORONG captures only one donor; aggregation to MANOKWARI understates by the Tambrauw share
Kabupaten Maybrat,MAYBRAT,Kabupaten Sorong,SORONG,SORONG,PAPUA BARAT,2009,UU Nomor 13 Tahun 2009,16 januari 2009,True,True,
Kabupaten Pegunungan Bintang,PEGUNUNGAN BINTANG,Kabupaten Jayawijaya,JAYAWIJAYA,JAYAWIJAYA,PAPUA,2002,UU Nomor 26 Tahun 2002,11 Desember 2002,True,True,
Kabupaten Tolikara,TOLIKARA,Kabupaten Jayawijaya,JAYAWIJAYA,JAYAWIJAYA,PAPUA,2002,UU Nomor 26 Tahun 2002,11 Desember 2002,True,True,
Kabupaten Yahukimo,YAHUKIMO,Kabupaten Jayawijaya,JAYAWIJAYA,JAYAWIJAYA,PAPUA,2002,UU Nomor 26 Tahun 2002,11 Desember 2002,True,True,
Kabupaten Lanny Jaya,LANNY JAYA,Kabupaten Jayawijaya,JAYAWIJAYA,JAYAWIJAYA,PAPUA,2008,UU Nomor 5 Tahun 2008,4 Januari 2008,True,True,
Kabupaten Mamberamo Tengah,MAMBERAMO TENGAH,Kabupaten Jayawijaya,JAYAWIJAYA,JAYAWIJAYA,PAPUA,2008,UU Nomor 3 Tahun 2008,4 Januari 2008,True,True,
Kabupaten Nduga,NDUGA,Kabupaten Jayawijaya,JAYAWIJAYA,JAYAWIJAYA,PAPUA,2008,UU Nomor 6 Tahun 2008,4 Januari 2008,True,True,
Kabupaten Yalimo,YALIMO,Kabupaten Jayawijaya,JAYAWIJAYA,JAYAWIJAYA,PAPUA,2008,UU Nomor 4 Tahun 2008,4 Januari 2008,True,True,
Kabupaten Asmat,ASMAT,Kabupaten Merauke,MERAUKE,MERAUKE,PAPUA,2002,UU Nomor 26 Tahun 2002,25 Oktober 2002,True,True,date_raw=25 Oktober 2002 may be incorrect; UU 26/2002 has one promulgation date — verify against peraturan.go.id
Kabupaten Boven Digoel,BOVEN DIGOEL,Kabupaten Merauke,MERAUKE,MERAUKE,PAPUA,2002,UU Nomor 26 Tahun 2002,25 Oktober 2002,True,True,date_raw=25 Oktober 2002 may be incorrect; UU 26/2002 has one promulgation date — verify against peraturan.go.id
Kabupaten Mappi,MAPPI,Kabupaten Merauke,MERAUKE,MERAUKE,PAPUA,2002,UU Nomor 26 Tahun 2002,25 Oktober 2002,True,True,date_raw=25 Oktober 2002 may be incorrect; UU 26/2002 has one promulgation date — verify against peraturan.go.id
Kabupaten Deiyai,DEIYAI,Kabupaten Paniai,PANIAI,PANIAI,PAPUA,2008,UU Nomor 55 Tahun 2008,26 November 2008,True,True,
Kabupaten Dogiyai,DOGIYAI,Kabupaten Nabire,NABIRE,NABIRE,PAPUA,2008,UU Nomor 8 Tahun 2008,4 Januari 2008,True,True,
Kabupaten Intan Jaya,INTAN JAYA,Kabupaten Paniai,PANIAI,PANIAI,PAPUA,2008,UU Nomor 54 Tahun 2008,26 November 2008,True,True,
Kabupaten Puncak,PUNCAK,Kabupaten Puncak Jaya,PUNCAK JAYA,PUNCAK JAYA,PAPUA,2008,UU Nomor 7 Tahun 2008,4 Januari 2008,True,True,
Kabupaten Kepulauan Meranti,KEPULAUAN MERANTI,Kabupaten Bengkalis,BENGKALIS,BENGKALIS,RIAU,2009,UU Nomor 12 Tahun 2009,16 Januari 2009,True,True,
Kabupaten Mamasa,MAMASA,Kabupaten Polewali Mamasa,POLEWALI MAMASA,POLEWALI MAMASA,SULAWESI SELATAN,2002,UU Nomor 11 Tahun 2002,10 April 2002,True,True,province corrected from SULAWESI BARAT to SULAWESI SELATAN (2000-vintage; SULBAR created 2004); fix 2026-08-14
Kabupaten Pasangkayu,MAMUJU UTARA,Kabupaten Mamuju,MAMUJU,MAMUJU,SULAWESI BARAT,2003,UU Nomor 7 Tahun 2003,25 April 2003,True,True,child_name_raw=Pasangkayu is the 2017 administrative rename of the district created in 2003 as Mamuju Utara; child_base=MAMUJU UTARA is the correct 2003 canonical name used throughout the panel
Kabupaten Mamuju Tengah,MAMUJU TENGAH,Kabupaten Mamuju,MAMUJU,MAMUJU,SULAWESI BARAT,2013,UU Nomor 4 Tahun 2013,11 Januari 2013,True,True,
Kota Palopo,PALOPO,Kabupaten Luwu,LUWU,LUWU,SULAWESI SELATAN,2002,UU Nomor 11 Tahun 2002,10 April 2002,True,True,
Kabupaten Luwu Timur,LUWU TIMUR,Kabupaten Luwu Utara,LUWU UTARA,LUWU UTARA,SULAWESI SELATAN,2003,UU Nomor 7 Tahun 2003,25 Februari 2003,True,True,
Kabupaten Toraja Utara,TORAJA UTARA,Kabupaten Tana Toraja,TANA TORAJA,TANA TORAJA,SULAWESI SELATAN,2008,UU Nomor 28 Tahun 2008,21 Juli 2008,True,True,
Kabupaten Parigi Moutong,PARIGI MOUTONG,Kabupaten Donggala,DONGGALA,DONGGALA,SULAWESI TENGAH,2002,UU Nomor 10 Tahun 2002,10 April 2002,True,True,
Kabupaten Tojo Una-Una,TOJO UNA-UNA,Kabupaten Poso,POSO,POSO,SULAWESI TENGAH,2003,UU Nomor 32 Tahun 2003,18 Desember 2003,True,True,
Kabupaten Sigi,SIGI,Kabupaten Donggala,DONGGALA,DONGGALA,SULAWESI TENGAH,2008,UU Nomor 27 Tahun 2008,21 Juli 2008,True,True,
Kabupaten Banggai Laut,BANGGAI LAUT,Kabupaten Banggai Kepulauan,BANGGAI KEPULAUAN,BANGGAI KEPULAUAN,SULAWESI TENGAH,2013,UU Nomor 5 Tahun 2013,11 Januari 2013,True,True,
Kabupaten Morowali Utara,MOROWALI UTARA,Kabupaten Morowali,MOROWALI,MOROWALI,SULAWESI TENGAH,2013,UU Nomor 12 Tahun 2013,15 Mei 2013,True,True,
Kota Bau Bau,BAUBAU,Kabupaten Buton,BUTON,BUTON,SULAWESI TENGGARA,2001,UU Nomor 13 Tahun 2001,21 Juni 2001,True,True,
Kabupaten Bombana,BOMBANA,Kabupaten Buton,BUTON,BUTON,SULAWESI TENGGARA,2003,UU Nomor 29 Tahun 2003,18 Desember 2003,True,True,
Kabupaten Kolaka Utara,KOLAKA UTARA,Kabupaten Kolaka,KOLAKA,KOLAKA,SULAWESI TENGGARA,2003,UU Nomor 29 Tahun 2003,18 Desember 2003,True,True,
Kabupaten Konawe Selatan,KONAWE SELATAN,Kabupaten Konawe,KONAWE,KONAWE,SULAWESI TENGGARA,2003,UU Nomor 4 Tahun 2003,25 Februari 2003,True,True,
Kabupaten Wakatobi,WAKATOBI,Kabupaten Buton,BUTON,BUTON,SULAWESI TENGGARA,2003,UU Nomor 29 Tahun 2003,18 Desember 2003,True,True,
Kabupaten Buton Utara,BUTON UTARA,Kabupaten Muna,MUNA,MUNA,SULAWESI TENGGARA,2007,UU Nomor 14 Tahun 2007,2 Januari 2007,True,True,
Kabupaten Konawe Utara,KONAWE UTARA,Kabupaten Konawe,KONAWE,KONAWE,SULAWESI TENGGARA,2007,UU Nomor 13 Tahun 2007,2 Januari 2007,True,True,
Kabupaten Kolaka Timur,KOLAKA TIMUR,Kabupaten Kolaka,KOLAKA,KOLAKA,SULAWESI TENGGARA,2013,UU Nomor 8 Tahun 2013,11 Januari 2013,True,True,
Kabupaten Konawe Kepulauan,KONAWE KEPULAUAN,Kabupaten Konawe,KONAWE,KONAWE,SULAWESI TENGGARA,2013,UU Nomor 13 Tahun 2013,15 Mei 2013,True,True,
Kabupaten Buton Selatan,BUTON SELATAN,Kabupaten Buton,BUTON,BUTON,SULAWESI TENGGARA,2014,UU Nomor 16 Tahun 2014,23 Juli 2014,True,True,
Kabupaten Buton Tengah,BUTON TENGAH,Kabupaten Buton,BUTON,BUTON,SULAWESI TENGGARA,2014,UU Nomor 15 Tahun 2014,23 Juli 2014,True,True,
Kabupaten Muna Barat,MUNA BARAT,Kabupaten Muna,MUNA,MUNA,SULAWESI TENGGARA,2014,UU Nomor 14 Tahun 2014,23 Juli 2014,True,True,
Kabupaten Kepulauan Talaud,KEPULAUAN TALAUD,Kabupaten Kepulauan Sangihe,KEPULAUAN SANGIHE,KEPULAUAN SANGIHE,SULAWESI UTARA,2002,UU Nomor 8 Tahun 2002,10 April 2002,True,True,
Kabupaten Minahasa Selatan,MINAHASA SELATAN,Kabupaten Minahasa,MINAHASA,MINAHASA,SULAWESI UTARA,2003,UU Nomor 10 Tahun 2003,25 Februari 2003,True,True,
Kabupaten Minahasa Utara,MINAHASA UTARA,Kabupaten Minahasa,MINAHASA,MINAHASA,SULAWESI UTARA,2003,UU Nomor 33 Tahun 2003,18 Desember 2003,True,True,
Kota Tomohon,TOMOHON,Kabupaten Minahasa,MINAHASA,MINAHASA,SULAWESI UTARA,2003,UU Nomor 10 Tahun 2003,25 Februari 2003,True,True,
Kabupaten Bolaang Mongondow Utara,BOLAANG MONGONDOW UTARA,Kabupaten Bolaang Mongondow,BOLAANG MONGONDOW,BOLAANG MONGONDOW,SULAWESI UTARA,2007,UU Nomor 10 Tahun 2007,2 Januari 2007,True,True,
Kabupaten Kepulauan Siau Tagulandang Biaro,KEP. SIAU TAGULANDANG BIARO,Kabupaten Kepulauan Sangihe,KEPULAUAN SANGIHE,KEPULAUAN SANGIHE,SULAWESI UTARA,2007,UU Nomor 15 Tahun 2007,2 Januari 2007,True,True,
Kota Kotamobagu,KOTAMOBAGU,Kabupaten Bolaang Mongodow,BOLAANG MONGONDOW,BOLAANG MONGONDOW,SULAWESI UTARA,2007,UU Nomor 4 Tahun 2007,2 Januari 2007,True,True,
Kabupaten Minahasa Tenggara,MINAHASA TENGGARA,Kabupaten Minahasa Selatan,MINAHASA SELATAN,MINAHASA,SULAWESI UTARA,2007,UU Nomor 9 Tahun 2007,2 Januari 2007,True,True,
Kabupaten Bolaang Mongondow Selatan,BOLAANG MONGONDOW SELATAN,Kabupaten Bolaang Mongondow,BOLAANG MONGONDOW,BOLAANG MONGONDOW,SULAWESI UTARA,2008,UU Nomor 30 Tahun 2008,21 Juli 2008,True,True,
Kabupaten Bolaang Mongondow Timur,BOLAANG MONGONDOW TIMUR,Kabupaten Bolaang Mongondow,BOLAANG MONGONDOW,BOLAANG MONGONDOW,SULAWESI UTARA,2008,UU Nomor 29 Tahun 2008,21 Juli 2008,True,True,
Kota Pariaman,PARIAMAN,Kabupaten Padang Pariaman,PADANG PARIAMAN,PADANG PARIAMAN,SUMATERA BARAT,2002,UU Nomor 12 Tahun 2002,10 April 2002,True,True,
Kabupaten Dharmasraya,DHARMASRAYA,Kabupaten Sijunjung,SIJUNJUNG,SIJUNJUNG,SUMATERA BARAT,2003,UU Nomor 38 Tahun 2003,18 Desember 2003,True,True,
Kabupaten Pasaman Barat,PASAMAN BARAT,Kabupaten Pasaman,PASAMAN,PASAMAN,SUMATERA BARAT,2003,UU Nomor 38 Tahun 2003,18 Desember 2003,True,True,
Kabupaten Solok Selatan,SOLOK SELATAN,Kabupaten Solok,SOLOK,SOLOK,SUMATERA BARAT,2003,UU Nomor 38 Tahun 2003,18 Desember 2003,True,True,
Kota Lubuk Linggau,LUBUK LINGGAU,Kabupaten Musi Rawas,MUSI RAWAS,MUSI RAWAS,SUMATERA SELATAN,2001,UU Nomor 7 Tahun 2001,21 Juni 2001,True,True,
Kota Pagar Alam,PAGAR ALAM,Kabupaten Lahat,LAHAT,LAHAT,SUMATERA SELATAN,2001,UU Nomor 8 Tahun 2001,21 Juni 2001,True,True,
Kota Prabumulih,PRABUMULIH,Kabupaten Muara Enim,MUARA ENIM,MUARA ENIM,SUMATERA SELATAN,2001,UU Nomor 6 Tahun 2001,21 Juni 2001,True,True,
Kabupaten Banyuasin,BANYUASIN,Kabupaten Musi Banyuasin,MUSI BANYUASIN,MUSI BANYUASIN,SUMATERA SELATAN,2002,UU Nomor 6 Tahun 2002,10 April 2002,True,True,
Kabupaten Ogan Ilir,OGAN ILIR,Kabupaten Ogan Komering Ilir,OGAN KOMERING ILIR,OGAN KOMERING ILIR,SUMATERA SELATAN,2003,UU Nomor 37 Tahun 2003,18 Desember 2003,True,True,
Kabupaten Ogan Komering Ulu Selatan,OGAN KOMERING ULU SELATAN,Kabupaten Ogan Komering Ulu,OGAN KOMERING ULU,OGAN KOMERING ULU,SUMATERA SELATAN,2003,UU Nomor 37 Tahun 2003,18 Desember 2003,True,True,
Kabupaten Ogan Komering Ulu Timur,OGAN KOMERING ULU TIMUR,Kabupaten Ogan Komering Ulu,OGAN KOMERING ULU,OGAN KOMERING ULU,SUMATERA SELATAN,2003,UU Nomor 37 Tahun 2003,18 Desember 2003,True,True,
Kabupaten Empat Lawang,EMPAT LAWANG,Kabupaten Lahat,LAHAT,LAHAT,SUMATERA SELATAN,2007,UU Nomor 1 Tahun 2007,2 Januari 2007,True,True,
Kabupaten Musi Rawas Utara,MUSI RAWAS UTARA,Kabupaten Musi Rawas,MUSI RAWAS,MUSI RAWAS,SUMATERA SELATAN,2013,UU Nomor 16 Tahun 2013,10 Juli 2013,True,True,
Kabupaten Penukal Abab Lematang Ilir,PENUKAL ABAB LEMATANG ILIR,Kabupaten Muara Enim,MUARA ENIM,MUARA ENIM,SUMATERA SELATAN,2013,UU Nomor 7 Tahun 2013,11 Januari 2013,True,True,
Kota Padangsidimpuan,PADANG SIDEMPUAN,Kabupaten Tapanuli Selatan,TAPANULI SELATAN,TAPANULI SELATAN,SUMATERA UTARA,2001,UU Nomor 4 Tahun 2001,21 Juni 2001,True,True,
Kabupaten Humbang Hasundutan,HUMBANG HASUNDUTAN,Kabupaten Tapanuli Utara,TAPANULI UTARA,TAPANULI UTARA,SUMATERA UTARA,2003,UU Nomor 9 Tahun 2003,25 Februari 2003,True,True,
Kabupaten Nias Selatan,NIAS SELATAN,Kabupaten Nias,NIAS,NIAS,SUMATERA UTARA,2003,UU Nomor 9 Tahun 2003,25 Februari 2003,True,True,
Kabupaten Pakpak Bharat,PAKPAK BHARAT,Kabupaten Dairi,DAIRI,DAIRI,SUMATERA UTARA,2003,UU Nomor 9 Tahun 2003,25 Februari 2003,True,True,
Kabupaten Samosir,SAMOSIR,Kabupaten Toba Samosir,TOBA SAMOSIR,TOBA SAMOSIR,SUMATERA UTARA,2003,UU Nomor 36 Tahun 2003,18 Desember 2003,True,True,
Kabupaten Serdang Bedagai,SERDANG BEDAGAI,Kabupaten Deli Serdang,DELI SERDANG,DELI SERDANG,SUMATERA UTARA,2003,UU Nomor 36 Tahun 2003,18 Desember 2003,True,True,
Kabupaten Batu Bara,BATU BARA,Kabupaten Asahan,ASAHAN,ASAHAN,SUMATERA UTARA,2007,UU Nomor 5 Tahun 2007,2 Januari 2007,True,True,
Kabupaten Padang Lawas,PADANG LAWAS,Kabupaten Tapanuli Selatan,TAPANULI SELATAN,TAPANULI SELATAN,SUMATERA UTARA,2007,UU Nomor 38 Tahun 2007,14 Agustus 2007,True,True,
Kabupaten Padang Lawas Utara,PADANG LAWAS UTARA,Kabupaten Tapanuli Selatan,TAPANULI SELATAN,TAPANULI SELATAN,SUMATERA UTARA,2007,UU Nomor 37 Tahun 2007,14 Agustus 2007,True,True,
Kota Gunungsitoli,GUNUNGSITOLI,Kabupaten Nias,NIAS,NIAS,SUMATERA UTARA,2008,UU Nomor 47 Tahun 2008,26 November 2008,True,True,
Kabupaten Labuhanbatu Selatan,LABUHAN BATU SELATAN,Kabupaten Labuhanbatu,LABUHAN BATU,LABUHAN BATU,SUMATERA UTARA,2008,UU Nomor 22 Tahun 2008,21 Juli 2008,True,True,
Kabupaten Labuhanbatu Utara,LABUHAN BATU UTARA,Kabupaten Labuhanbatu,LABUHAN BATU,LABUHAN BATU,SUMATERA UTARA,2008,UU Nomor 23 Tahun 2008,21 Juli 2008,True,True,
Kabupaten Nias Barat,NIAS BARAT,Kabupaten Nias,NIAS,NIAS,SUMATERA UTARA,2008,UU Nomor 46 Tahun 2008,26 November 2008,True,True,
Kabupaten Nias Utara,NIAS UTARA,Kabupaten Nias,NIAS,NIAS,SUMATERA UTARA,2008,UU Nomor 45 Tahun 2008,26 November 2008,True,True,
